<?xml version="1.0" encoding="UTF-8"?>
<gpx version="1.1" creator="strava" xmlns="http://www.topografix.com/GPX/1/1">
<trk><name>Salmon River Day 2 - the pain cave</name><trkseg>
<trkpt lat="45.127014" lon="-115.321476"><ele>1758.2</ele></trkpt>
<trkpt lat="45.127133" lon="-115.321481"><ele>1758.0</ele></trkpt>
<trkpt lat="45.127118" lon="-115.321612"><ele>1758.0</ele></trkpt>
<trkpt lat="45.127247" lon="-115.321671"><ele>1758.0</ele></trkpt>
<trkpt lat="45.127506" lon="-115.321175"><ele>1758.6</ele></trkpt>
<trkpt lat="45.127586" lon="-115.321148"><ele>1759.0</ele></trkpt>
<trkpt lat="45.127607" lon="-115.321246"><ele>1759.6</ele></trkpt>
<trkpt lat="45.127906" lon="-115.321397"><ele>1761.8</ele></trkpt>
<trkpt lat="45.127990" lon="-115.321333"><ele>1761.8</ele></trkpt>
<trkpt lat="45.127944" lon="-115.321180"><ele>1760.8</ele></trkpt>
<trkpt lat="45.127961" lon="-115.321117"><ele>1760.4</ele></trkpt>
<trkpt lat="45.127987" lon="-115.321186"><ele>1760.8</ele></trkpt>
<trkpt lat="45.128017" lon="-115.321860"><ele>1760.2</ele></trkpt>
<trkpt lat="45.127897" lon="-115.322144"><ele>1759.0</ele></trkpt>
<trkpt lat="45.127673" lon="-115.323160"><ele>1758.8</ele></trkpt>
<trkpt lat="45.127680" lon="-115.323701"><ele>1758.8</ele></trkpt>
<trkpt lat="45.127757" lon="-115.323854"><ele>1758.6</ele></trkpt>
<trkpt lat="45.127253" lon="-115.323889"><ele>1756.8</ele></trkpt>
<trkpt lat="45.125374" lon="-115.325142"><ele>1761.2</ele></trkpt>
<trkpt lat="45.124333" lon="-115.325912"><ele>1762.6</ele></trkpt>
<trkpt lat="45.122931" lon="-115.327282"><ele>1768.0</ele></trkpt>
<trkpt lat="45.121598" lon="-115.327989"><ele>1773.2</ele></trkpt>
<trkpt lat="45.120849" lon="-115.329702"><ele>1781.2</ele></trkpt>
<trkpt lat="45.120481" lon="-115.331679"><ele>1794.4</ele></trkpt>
<trkpt lat="45.120822" lon="-115.333128"><ele>1804.6</ele></trkpt>
<trkpt lat="45.121135" lon="-115.333545"><ele>1809.8</ele></trkpt>
<trkpt lat="45.121570" lon="-115.333909"><ele>1816.2</ele></trkpt>
<trkpt lat="45.121827" lon="-115.334292"><ele>1819.4</ele></trkpt>
<trkpt lat="45.122220" lon="-115.335377"><ele>1824.2</ele></trkpt>
<trkpt lat="45.122335" lon="-115.335996"><ele>1827.4</ele></trkpt>
<trkpt lat="45.122478" lon="-115.337883"><ele>1842.8</ele></trkpt>
<trkpt lat="45.122359" lon="-115.338929"><ele>1848.2</ele></trkpt>
<trkpt lat="45.121840" lon="-115.340764"><ele>1858.6</ele></trkpt>
<trkpt lat="45.121761" lon="-115.341569"><ele>1859.4</ele></trkpt>
<trkpt lat="45.121989" lon="-115.342817"><ele>1865.0</ele></trkpt>
<trkpt lat="45.122050" lon="-115.343960"><ele>1869.2</ele></trkpt>
<trkpt lat="45.122041" lon="-115.345439"><ele>1875.0</ele></trkpt>
<trkpt lat="45.121979" lon="-115.346256"><ele>1879.6</ele></trkpt>
<trkpt lat="45.122003" lon="-115.347216"><ele>1886.2</ele></trkpt>
<trkpt lat="45.121946" lon="-115.347868"><ele>1892.2</ele></trkpt>
<trkpt lat="45.122134" lon="-115.348511"><ele>1897.6</ele></trkpt>
<trkpt lat="45.122627" lon="-115.348991"><ele>1903.6</ele></trkpt>
<trkpt lat="45.122899" lon="-115.350797"><ele>1915.8</ele></trkpt>
<trkpt lat="45.123096" lon="-115.351506"><ele>1920.8</ele></trkpt>
<trkpt lat="45.123096" lon="-115.351970"><ele>1923.4</ele></trkpt>
<trkpt lat="45.122805" lon="-115.352972"><ele>1927.4</ele></trkpt>
<trkpt lat="45.122843" lon="-115.353278"><ele>1928.8</ele></trkpt>
<trkpt lat="45.123026" lon="-115.353746"><ele>1932.6</ele></trkpt>
<trkpt lat="45.123202" lon="-115.353661"><ele>1934.4</ele></trkpt>
<trkpt lat="45.123246" lon="-115.353523"><ele>1935.2</ele></trkpt>
<trkpt lat="45.123203" lon="-115.353137"><ele>1937.4</ele></trkpt>
<trkpt lat="45.123248" lon="-115.352763"><ele>1939.6</ele></trkpt>
<trkpt lat="45.123640" lon="-115.352149"><ele>1943.2</ele></trkpt>
<trkpt lat="45.123708" lon="-115.351672"><ele>1946.0</ele></trkpt>
<trkpt lat="45.123782" lon="-115.349431"><ele>1958.2</ele></trkpt>
<trkpt lat="45.124007" lon="-115.348429"><ele>1963.2</ele></trkpt>
<trkpt lat="45.123929" lon="-115.348086"><ele>1965.2</ele></trkpt>
<trkpt lat="45.123995" lon="-115.348027"><ele>1965.8</ele></trkpt>
<trkpt lat="45.124046" lon="-115.348113"><ele>1966.2</ele></trkpt>
<trkpt lat="45.124098" lon="-115.348388"><ele>1967.4</ele></trkpt>
<trkpt lat="45.124067" lon="-115.349137"><ele>1970.8</ele></trkpt>
<trkpt lat="45.124183" lon="-115.349844"><ele>1974.6</ele></trkpt>
<trkpt lat="45.124192" lon="-115.350972"><ele>1980.6</ele></trkpt>
<trkpt lat="45.124594" lon="-115.353397"><ele>1993.2</ele></trkpt>
<trkpt lat="45.125079" lon="-115.354819"><ele>2001.6</ele></trkpt>
<trkpt lat="45.126060" lon="-115.357232"><ele>2017.2</ele></trkpt>
<trkpt lat="45.126272" lon="-115.357986"><ele>2020.6</ele></trkpt>
<trkpt lat="45.126292" lon="-115.358401"><ele>2023.0</ele></trkpt>
<trkpt lat="45.126439" lon="-115.359032"><ele>2026.0</ele></trkpt>
<trkpt lat="45.126639" lon="-115.359695"><ele>2030.2</ele></trkpt>
<trkpt lat="45.126872" lon="-115.360162"><ele>2033.4</ele></trkpt>
<trkpt lat="45.127336" lon="-115.360642"><ele>2038.2</ele></trkpt>
<trkpt lat="45.127500" lon="-115.361145"><ele>2041.8</ele></trkpt>
<trkpt lat="45.128224" lon="-115.361314"><ele>2048.2</ele></trkpt>
<trkpt lat="45.128781" lon="-115.361859"><ele>2051.2</ele></trkpt>
<trkpt lat="45.128764" lon="-115.362079"><ele>2051.4</ele></trkpt>
<trkpt lat="45.127825" lon="-115.362800"><ele>2061.4</ele></trkpt>
<trkpt lat="45.127598" lon="-115.363289"><ele>2064.8</ele></trkpt>
<trkpt lat="45.127022" lon="-115.365680"><ele>2080.6</ele></trkpt>
<trkpt lat="45.126890" lon="-115.366444"><ele>2086.8</ele></trkpt>
<trkpt lat="45.126837" lon="-115.367540"><ele>2094.2</ele></trkpt>
<trkpt lat="45.126945" lon="-115.368344"><ele>2099.6</ele></trkpt>
<trkpt lat="45.127317" lon="-115.369273"><ele>2105.0</ele></trkpt>
<trkpt lat="45.127656" lon="-115.369830"><ele>2109.8</ele></trkpt>
<trkpt lat="45.128405" lon="-115.370761"><ele>2119.2</ele></trkpt>
<trkpt lat="45.129225" lon="-115.371512"><ele>2127.8</ele></trkpt>
<trkpt lat="45.129489" lon="-115.371960"><ele>2132.2</ele></trkpt>
<trkpt lat="45.130023" lon="-115.372400"><ele>2137.0</ele></trkpt>
<trkpt lat="45.130588" lon="-115.373003"><ele>2143.6</ele></trkpt>
<trkpt lat="45.131037" lon="-115.373694"><ele>2148.8</ele></trkpt>
<trkpt lat="45.131323" lon="-115.374337"><ele>2153.2</ele></trkpt>
<trkpt lat="45.131781" lon="-115.374721"><ele>2158.4</ele></trkpt>
<trkpt lat="45.132054" lon="-115.375092"><ele>2161.8</ele></trkpt>
<trkpt lat="45.132363" lon="-115.376386"><ele>2170.2</ele></trkpt>
<trkpt lat="45.132826" lon="-115.377663"><ele>2178.0</ele></trkpt>
<trkpt lat="45.132658" lon="-115.379199"><ele>2187.0</ele></trkpt>
<trkpt lat="45.132667" lon="-115.379498"><ele>2188.6</ele></trkpt>
<trkpt lat="45.132797" lon="-115.380032"><ele>2192.0</ele></trkpt>
<trkpt lat="45.132725" lon="-115.381172"><ele>2198.6</ele></trkpt>
<trkpt lat="45.132750" lon="-115.381871"><ele>2201.8</ele></trkpt>
<trkpt lat="45.132355" lon="-115.382910"><ele>2208.6</ele></trkpt>
<trkpt lat="45.132228" lon="-115.383779"><ele>2214.0</ele></trkpt>
<trkpt lat="45.131965" lon="-115.384285"><ele>2218.2</ele></trkpt>
<trkpt lat="45.131953" lon="-115.384460"><ele>2219.6</ele></trkpt>
<trkpt lat="45.132101" lon="-115.384476"><ele>2221.2</ele></trkpt>
<trkpt lat="45.132245" lon="-115.384312"><ele>2223.0</ele></trkpt>
<trkpt lat="45.132786" lon="-115.383419"><ele>2230.4</ele></trkpt>
<trkpt lat="45.133009" lon="-115.382759"><ele>2235.0</ele></trkpt>
<trkpt lat="45.133520" lon="-115.381645"><ele>2243.2</ele></trkpt>
<trkpt lat="45.133861" lon="-115.381288"><ele>2246.4</ele></trkpt>
<trkpt lat="45.134042" lon="-115.380924"><ele>2250.2</ele></trkpt>
<trkpt lat="45.134508" lon="-115.378665"><ele>2264.4</ele></trkpt>
<trkpt lat="45.134600" lon="-115.377880"><ele>2269.2</ele></trkpt>
<trkpt lat="45.134705" lon="-115.377692"><ele>2270.2</ele></trkpt>
<trkpt lat="45.134810" lon="-115.377683"><ele>2270.8</ele></trkpt>
<trkpt lat="45.134912" lon="-115.377801"><ele>2271.4</ele></trkpt>
<trkpt lat="45.134984" lon="-115.378251"><ele>2271.8</ele></trkpt>
<trkpt lat="45.134979" lon="-115.378472"><ele>2272.8</ele></trkpt>
<trkpt lat="45.134765" lon="-115.378996"><ele>2274.0</ele></trkpt>
<trkpt lat="45.134762" lon="-115.379201"><ele>2275.0</ele></trkpt>
<trkpt lat="45.135256" lon="-115.379474"><ele>2280.6</ele></trkpt>
<trkpt lat="45.135852" lon="-115.380602"><ele>2291.4</ele></trkpt>
<trkpt lat="45.136284" lon="-115.380925"><ele>2297.8</ele></trkpt>
<trkpt lat="45.136933" lon="-115.381758"><ele>2308.4</ele></trkpt>
<trkpt lat="45.137134" lon="-115.381790"><ele>2310.0</ele></trkpt>
<trkpt lat="45.137245" lon="-115.381725"><ele>2312.0</ele></trkpt>
<trkpt lat="45.137515" lon="-115.381097"><ele>2318.2</ele></trkpt>
<trkpt lat="45.137805" lon="-115.380823"><ele>2321.4</ele></trkpt>
<trkpt lat="45.138344" lon="-115.380020"><ele>2328.8</ele></trkpt>
<trkpt lat="45.138347" lon="-115.379825"><ele>2329.8</ele></trkpt>
<trkpt lat="45.138200" lon="-115.379497"><ele>2333.2</ele></trkpt>
<trkpt lat="45.138094" lon="-115.378986"><ele>2335.8</ele></trkpt>
<trkpt lat="45.137966" lon="-115.377376"><ele>2348.2</ele></trkpt>
<trkpt lat="45.138171" lon="-115.375908"><ele>2359.8</ele></trkpt>
<trkpt lat="45.138458" lon="-115.374901"><ele>2368.6</ele></trkpt>
<trkpt lat="45.138274" lon="-115.374193"><ele>2374.6</ele></trkpt>
<trkpt lat="45.137807" lon="-115.373491"><ele>2382.2</ele></trkpt>
<trkpt lat="45.137099" lon="-115.371772"><ele>2398.4</ele></trkpt>
<trkpt lat="45.137046" lon="-115.371439"><ele>2400.2</ele></trkpt>
<trkpt lat="45.137103" lon="-115.371041"><ele>2401.0</ele></trkpt>
<trkpt lat="45.137240" lon="-115.370929"><ele>2401.8</ele></trkpt>
<trkpt lat="45.137345" lon="-115.370946"><ele>2403.0</ele></trkpt>
<trkpt lat="45.138664" lon="-115.372510"><ele>2418.2</ele></trkpt>
<trkpt lat="45.139960" lon="-115.373373"><ele>2430.0</ele></trkpt>
<trkpt lat="45.140290" lon="-115.374039"><ele>2435.2</ele></trkpt>
<trkpt lat="45.140397" lon="-115.374488"><ele>2437.8</ele></trkpt>
<trkpt lat="45.140553" lon="-115.376209"><ele>2448.4</ele></trkpt>
<trkpt lat="45.140548" lon="-115.376907"><ele>2452.0</ele></trkpt>
<trkpt lat="45.140689" lon="-115.377597"><ele>2456.0</ele></trkpt>
<trkpt lat="45.140973" lon="-115.378139"><ele>2460.4</ele></trkpt>
<trkpt lat="45.141450" lon="-115.378546"><ele>2464.6</ele></trkpt>
<trkpt lat="45.141698" lon="-115.379092"><ele>2468.2</ele></trkpt>
<trkpt lat="45.141709" lon="-115.379999"><ele>2473.6</ele></trkpt>
<trkpt lat="45.141775" lon="-115.380303"><ele>2474.8</ele></trkpt>
<trkpt lat="45.141768" lon="-115.382125"><ele>2484.0</ele></trkpt>
<trkpt lat="45.141706" lon="-115.382521"><ele>2486.2</ele></trkpt>
<trkpt lat="45.141430" lon="-115.382909"><ele>2489.2</ele></trkpt>
<trkpt lat="45.141413" lon="-115.383037"><ele>2490.4</ele></trkpt>
<trkpt lat="45.141824" lon="-115.382811"><ele>2495.0</ele></trkpt>
<trkpt lat="45.142061" lon="-115.382230"><ele>2498.8</ele></trkpt>
<trkpt lat="45.142183" lon="-115.381629"><ele>2503.2</ele></trkpt>
<trkpt lat="45.142301" lon="-115.381499"><ele>2504.2</ele></trkpt>
<trkpt lat="45.142445" lon="-115.381570"><ele>2504.6</ele></trkpt>
<trkpt lat="45.142481" lon="-115.382143"><ele>2504.6</ele></trkpt>
<trkpt lat="45.142684" lon="-115.383080"><ele>2507.4</ele></trkpt>
<trkpt lat="45.142686" lon="-115.383660"><ele>2509.4</ele></trkpt>
<trkpt lat="45.142936" lon="-115.384787"><ele>2514.0</ele></trkpt>
<trkpt lat="45.142972" lon="-115.385305"><ele>2516.2</ele></trkpt>
<trkpt lat="45.143240" lon="-115.385839"><ele>2517.8</ele></trkpt>
<trkpt lat="45.143359" lon="-115.386455"><ele>2520.2</ele></trkpt>
<trkpt lat="45.144496" lon="-115.386998"><ele>2529.8</ele></trkpt>
<trkpt lat="45.145524" lon="-115.387114"><ele>2538.8</ele></trkpt>
<trkpt lat="45.145657" lon="-115.387345"><ele>2537.0</ele></trkpt>
<trkpt lat="45.145601" lon="-115.387274"><ele>2537.0</ele></trkpt>
<trkpt lat="45.145637" lon="-115.387302"><ele>2537.0</ele></trkpt>
<trkpt lat="45.145563" lon="-115.387477"><ele>2536.2</ele></trkpt>
<trkpt lat="45.145609" lon="-115.387177"><ele>2535.6</ele></trkpt>
<trkpt lat="45.145623" lon="-115.387303"><ele>2535.4</ele></trkpt>
<trkpt lat="45.145369" lon="-115.387848"><ele>2534.6</ele></trkpt>
<trkpt lat="45.145394" lon="-115.388600"><ele>2528.0</ele></trkpt>
<trkpt lat="45.145866" lon="-115.389279"><ele>2521.6</ele></trkpt>
<trkpt lat="45.145957" lon="-115.389962"><ele>2515.4</ele></trkpt>
<trkpt lat="45.146258" lon="-115.390228"><ele>2512.2</ele></trkpt>
<trkpt lat="45.146240" lon="-115.390903"><ele>2507.2</ele></trkpt>
<trkpt lat="45.146382" lon="-115.391463"><ele>2504.6</ele></trkpt>
<trkpt lat="45.146647" lon="-115.391609"><ele>2501.0</ele></trkpt>
<trkpt lat="45.146903" lon="-115.391434"><ele>2499.4</ele></trkpt>
<trkpt lat="45.147763" lon="-115.391153"><ele>2489.2</ele></trkpt>
<trkpt lat="45.147878" lon="-115.391221"><ele>2488.2</ele></trkpt>
<trkpt lat="45.147959" lon="-115.391432"><ele>2487.0</ele></trkpt>
<trkpt lat="45.147927" lon="-115.391567"><ele>2486.0</ele></trkpt>
<trkpt lat="45.147723" lon="-115.391806"><ele>2484.2</ele></trkpt>
<trkpt lat="45.147653" lon="-115.392085"><ele>2482.2</ele></trkpt>
<trkpt lat="45.147682" lon="-115.392840"><ele>2476.6</ele></trkpt>
<trkpt lat="45.147781" lon="-115.393110"><ele>2474.6</ele></trkpt>
<trkpt lat="45.147924" lon="-115.393306"><ele>2472.2</ele></trkpt>
<trkpt lat="45.148019" lon="-115.393317"><ele>2471.4</ele></trkpt>
<trkpt lat="45.148266" lon="-115.392677"><ele>2466.8</ele></trkpt>
<trkpt lat="45.148442" lon="-115.392601"><ele>2464.8</ele></trkpt>
<trkpt lat="45.148586" lon="-115.392702"><ele>2464.0</ele></trkpt>
<trkpt lat="45.148329" lon="-115.393879"><ele>2458.4</ele></trkpt>
<trkpt lat="45.148052" lon="-115.394656"><ele>2453.0</ele></trkpt>
<trkpt lat="45.148020" lon="-115.395108"><ele>2449.2</ele></trkpt>
<trkpt lat="45.147775" lon="-115.395558"><ele>2445.2</ele></trkpt>
<trkpt lat="45.147514" lon="-115.396578"><ele>2437.6</ele></trkpt>
<trkpt lat="45.147228" lon="-115.397249"><ele>2431.4</ele></trkpt>
<trkpt lat="45.146895" lon="-115.398435"><ele>2421.2</ele></trkpt>
<trkpt lat="45.146859" lon="-115.398625"><ele>2419.4</ele></trkpt>
<trkpt lat="45.146921" lon="-115.399019"><ele>2416.6</ele></trkpt>
<trkpt lat="45.146897" lon="-115.399417"><ele>2413.8</ele></trkpt>
<trkpt lat="45.146710" lon="-115.399991"><ele>2409.6</ele></trkpt>
<trkpt lat="45.146715" lon="-115.400167"><ele>2408.2</ele></trkpt>
<trkpt lat="45.146854" lon="-115.400572"><ele>2403.8</ele></trkpt>
<trkpt lat="45.146905" lon="-115.401363"><ele>2398.0</ele></trkpt>
<trkpt lat="45.147169" lon="-115.401884"><ele>2393.4</ele></trkpt>
<trkpt lat="45.147150" lon="-115.402338"><ele>2390.6</ele></trkpt>
<trkpt lat="45.147246" lon="-115.402950"><ele>2389.0</ele></trkpt>
<trkpt lat="45.147193" lon="-115.403669"><ele>2388.2</ele></trkpt>
<trkpt lat="45.147283" lon="-115.404261"><ele>2388.0</ele></trkpt>
<trkpt lat="45.147439" lon="-115.404700"><ele>2388.2</ele></trkpt>
<trkpt lat="45.147486" lon="-115.405852"><ele>2392.0</ele></trkpt>
<trkpt lat="45.147559" lon="-115.405984"><ele>2393.0</ele></trkpt>
<trkpt lat="45.147666" lon="-115.405975"><ele>2394.2</ele></trkpt>
<trkpt lat="45.148021" lon="-115.405385"><ele>2398.6</ele></trkpt>
<trkpt lat="45.148121" lon="-115.405303"><ele>2399.6</ele></trkpt>
<trkpt lat="45.148206" lon="-115.405332"><ele>2400.4</ele></trkpt>
<trkpt lat="45.148242" lon="-115.405452"><ele>2401.4</ele></trkpt>
<trkpt lat="45.148170" lon="-115.406342"><ele>2407.0</ele></trkpt>
<trkpt lat="45.148078" lon="-115.406729"><ele>2410.2</ele></trkpt>
<trkpt lat="45.148061" lon="-115.407286"><ele>2414.4</ele></trkpt>
<trkpt lat="45.147952" lon="-115.407750"><ele>2418.4</ele></trkpt>
<trkpt lat="45.148003" lon="-115.408427"><ele>2423.4</ele></trkpt>
<trkpt lat="45.147823" lon="-115.408767"><ele>2426.2</ele></trkpt>
<trkpt lat="45.147857" lon="-115.408976"><ele>2427.6</ele></trkpt>
<trkpt lat="45.148085" lon="-115.409269"><ele>2429.8</ele></trkpt>
<trkpt lat="45.148007" lon="-115.409753"><ele>2434.4</ele></trkpt>
<trkpt lat="45.148111" lon="-115.410182"><ele>2438.2</ele></trkpt>
<trkpt lat="45.147876" lon="-115.411038"><ele>2446.0</ele></trkpt>
<trkpt lat="45.147898" lon="-115.411756"><ele>2452.2</ele></trkpt>
<trkpt lat="45.147834" lon="-115.412225"><ele>2456.4</ele></trkpt>
<trkpt lat="45.147742" lon="-115.412546"><ele>2458.4</ele></trkpt>
<trkpt lat="45.147400" lon="-115.412993"><ele>2464.2</ele></trkpt>
<trkpt lat="45.147305" lon="-115.413225"><ele>2466.4</ele></trkpt>
<trkpt lat="45.147303" lon="-115.414020"><ele>2472.2</ele></trkpt>
<trkpt lat="45.147230" lon="-115.414657"><ele>2477.2</ele></trkpt>
<trkpt lat="45.147342" lon="-115.415150"><ele>2482.8</ele></trkpt>
<trkpt lat="45.147482" lon="-115.415196"><ele>2483.8</ele></trkpt>
<trkpt lat="45.148132" lon="-115.414175"><ele>2491.8</ele></trkpt>
<trkpt lat="45.148294" lon="-115.414175"><ele>2493.2</ele></trkpt>
<trkpt lat="45.148350" lon="-115.414390"><ele>2494.8</ele></trkpt>
<trkpt lat="45.148312" lon="-115.414696"><ele>2496.2</ele></trkpt>
<trkpt lat="45.148404" lon="-115.415050"><ele>2499.4</ele></trkpt>
<trkpt lat="45.148361" lon="-115.415535"><ele>2502.2</ele></trkpt>
<trkpt lat="45.148573" lon="-115.415960"><ele>2504.4</ele></trkpt>
<trkpt lat="45.148608" lon="-115.416266"><ele>2506.6</ele></trkpt>
<trkpt lat="45.148679" lon="-115.416335"><ele>2507.4</ele></trkpt>
<trkpt lat="45.148934" lon="-115.416293"><ele>2510.2</ele></trkpt>
<trkpt lat="45.149029" lon="-115.416356"><ele>2510.4</ele></trkpt>
<trkpt lat="45.149074" lon="-115.416667"><ele>2513.6</ele></trkpt>
<trkpt lat="45.149009" lon="-115.416863"><ele>2515.4</ele></trkpt>
<trkpt lat="45.148686" lon="-115.417155"><ele>2519.2</ele></trkpt>
<trkpt lat="45.148158" lon="-115.416862"><ele>2524.4</ele></trkpt>
<trkpt lat="45.148082" lon="-115.416917"><ele>2525.4</ele></trkpt>
<trkpt lat="45.148081" lon="-115.417430"><ele>2530.4</ele></trkpt>
<trkpt lat="45.148016" lon="-115.417682"><ele>2533.2</ele></trkpt>
<trkpt lat="45.148044" lon="-115.417959"><ele>2535.2</ele></trkpt>
<trkpt lat="45.148718" lon="-115.419544"><ele>2551.8</ele></trkpt>
<trkpt lat="45.149000" lon="-115.419968"><ele>2557.0</ele></trkpt>
<trkpt lat="45.149404" lon="-115.420795"><ele>2564.6</ele></trkpt>
<trkpt lat="45.149833" lon="-115.421075"><ele>2570.2</ele></trkpt>
<trkpt lat="45.149927" lon="-115.421073"><ele>2571.2</ele></trkpt>
<trkpt lat="45.150082" lon="-115.420915"><ele>2573.4</ele></trkpt>
<trkpt lat="45.150200" lon="-115.420972"><ele>2574.2</ele></trkpt>
<trkpt lat="45.150018" lon="-115.421329"><ele>2576.4</ele></trkpt>
<trkpt lat="45.149859" lon="-115.421462"><ele>2578.2</ele></trkpt>
<trkpt lat="45.149090" lon="-115.421501"><ele>2586.8</ele></trkpt>
<trkpt lat="45.148029" lon="-115.421299"><ele>2598.2</ele></trkpt>
<trkpt lat="45.147603" lon="-115.421594"><ele>2602.6</ele></trkpt>
<trkpt lat="45.147543" lon="-115.421745"><ele>2603.6</ele></trkpt>
<trkpt lat="45.147577" lon="-115.421894"><ele>2604.6</ele></trkpt>
<trkpt lat="45.147650" lon="-115.421959"><ele>2605.6</ele></trkpt>
<trkpt lat="45.148037" lon="-115.421825"><ele>2609.2</ele></trkpt>
<trkpt lat="45.148898" lon="-115.422840"><ele>2619.8</ele></trkpt>
<trkpt lat="45.149375" lon="-115.423228"><ele>2626.2</ele></trkpt>
<trkpt lat="45.149603" lon="-115.423210"><ele>2628.8</ele></trkpt>
<trkpt lat="45.150006" lon="-115.422875"><ele>2634.6</ele></trkpt>
<trkpt lat="45.150177" lon="-115.422867"><ele>2635.4</ele></trkpt>
<trkpt lat="45.150980" lon="-115.423243"><ele>2641.8</ele></trkpt>
<trkpt lat="45.151062" lon="-115.423165"><ele>2642.0</ele></trkpt>
<trkpt lat="45.151011" lon="-115.423317"><ele>2640.6</ele></trkpt>
<trkpt lat="45.151978" lon="-115.423946"><ele>2631.0</ele></trkpt>
<trkpt lat="45.152456" lon="-115.424048"><ele>2626.4</ele></trkpt>
<trkpt lat="45.153563" lon="-115.423747"><ele>2616.4</ele></trkpt>
<trkpt lat="45.153703" lon="-115.423812"><ele>2614.2</ele></trkpt>
<trkpt lat="45.153645" lon="-115.424013"><ele>2612.4</ele></trkpt>
<trkpt lat="45.153096" lon="-115.424096"><ele>2611.2</ele></trkpt>
<trkpt lat="45.152489" lon="-115.424434"><ele>2611.4</ele></trkpt>
<trkpt lat="45.151964" lon="-115.425134"><ele>2611.4</ele></trkpt>
<trkpt lat="45.151368" lon="-115.425563"><ele>2606.4</ele></trkpt>
<trkpt lat="45.151166" lon="-115.426032"><ele>2602.0</ele></trkpt>
<trkpt lat="45.151153" lon="-115.426325"><ele>2600.4</ele></trkpt>
<trkpt lat="45.151870" lon="-115.427129"><ele>2594.6</ele></trkpt>
<trkpt lat="45.152421" lon="-115.427560"><ele>2589.6</ele></trkpt>
<trkpt lat="45.152587" lon="-115.427456"><ele>2586.2</ele></trkpt>
<trkpt lat="45.152642" lon="-115.426945"><ele>2584.8</ele></trkpt>
<trkpt lat="45.152897" lon="-115.426530"><ele>2582.2</ele></trkpt>
<trkpt lat="45.153005" lon="-115.425912"><ele>2579.0</ele></trkpt>
<trkpt lat="45.153150" lon="-115.425690"><ele>2576.8</ele></trkpt>
<trkpt lat="45.153426" lon="-115.425498"><ele>2574.4</ele></trkpt>
<trkpt lat="45.153745" lon="-115.425130"><ele>2572.0</ele></trkpt>
<trkpt lat="45.154416" lon="-115.424978"><ele>2564.2</ele></trkpt>
<trkpt lat="45.154797" lon="-115.424728"><ele>2560.6</ele></trkpt>
<trkpt lat="45.155036" lon="-115.424766"><ele>2558.2</ele></trkpt>
<trkpt lat="45.155203" lon="-115.424893"><ele>2556.6</ele></trkpt>
<trkpt lat="45.155568" lon="-115.424814"><ele>2555.2</ele></trkpt>
<trkpt lat="45.155930" lon="-115.424944"><ele>2553.2</ele></trkpt>
<trkpt lat="45.156068" lon="-115.424797"><ele>2552.6</ele></trkpt>
<trkpt lat="45.156316" lon="-115.424266"><ele>2550.8</ele></trkpt>
<trkpt lat="45.156524" lon="-115.424172"><ele>2549.8</ele></trkpt>
<trkpt lat="45.156924" lon="-115.424241"><ele>2548.6</ele></trkpt>
<trkpt lat="45.157420" lon="-115.424455"><ele>2545.4</ele></trkpt>
<trkpt lat="45.158003" lon="-115.424411"><ele>2539.8</ele></trkpt>
<trkpt lat="45.157972" lon="-115.424605"><ele>2539.0</ele></trkpt>
<trkpt lat="45.157417" lon="-115.424924"><ele>2533.2</ele></trkpt>
<trkpt lat="45.156874" lon="-115.425357"><ele>2527.8</ele></trkpt>
<trkpt lat="45.156589" lon="-115.425687"><ele>2525.6</ele></trkpt>
<trkpt lat="45.156412" lon="-115.426025"><ele>2522.6</ele></trkpt>
<trkpt lat="45.156115" lon="-115.426336"><ele>2518.8</ele></trkpt>
<trkpt lat="45.155805" lon="-115.427118"><ele>2514.4</ele></trkpt>
<trkpt lat="45.155449" lon="-115.427741"><ele>2509.4</ele></trkpt>
<trkpt lat="45.154566" lon="-115.428339"><ele>2499.2</ele></trkpt>
<trkpt lat="45.154528" lon="-115.428479"><ele>2498.8</ele></trkpt>
<trkpt lat="45.154770" lon="-115.429323"><ele>2492.0</ele></trkpt>
<trkpt lat="45.154784" lon="-115.430384"><ele>2487.0</ele></trkpt>
<trkpt lat="45.154481" lon="-115.430945"><ele>2482.6</ele></trkpt>
<trkpt lat="45.154239" lon="-115.431201"><ele>2480.4</ele></trkpt>
<trkpt lat="45.153780" lon="-115.432348"><ele>2472.6</ele></trkpt>
<trkpt lat="45.153534" lon="-115.432593"><ele>2470.6</ele></trkpt>
<trkpt lat="45.153507" lon="-115.432764"><ele>2469.4</ele></trkpt>
<trkpt lat="45.153574" lon="-115.433023"><ele>2467.8</ele></trkpt>
<trkpt lat="45.153696" lon="-115.433194"><ele>2466.6</ele></trkpt>
<trkpt lat="45.154278" lon="-115.433364"><ele>2463.8</ele></trkpt>
<trkpt lat="45.155033" lon="-115.434001"><ele>2456.6</ele></trkpt>
<trkpt lat="45.155495" lon="-115.434685"><ele>2450.4</ele></trkpt>
<trkpt lat="45.155602" lon="-115.434892"><ele>2448.8</ele></trkpt>
<trkpt lat="45.155569" lon="-115.434924"><ele>2448.0</ele></trkpt>
<trkpt lat="45.156209" lon="-115.435410"><ele>2444.4</ele></trkpt>
<trkpt lat="45.156621" lon="-115.436145"><ele>2440.8</ele></trkpt>
<trkpt lat="45.156793" lon="-115.436138"><ele>2439.2</ele></trkpt>
<trkpt lat="45.156932" lon="-115.435677"><ele>2437.0</ele></trkpt>
<trkpt lat="45.157209" lon="-115.435127"><ele>2432.8</ele></trkpt>
<trkpt lat="45.157351" lon="-115.435096"><ele>2431.8</ele></trkpt>
<trkpt lat="45.157903" lon="-115.435299"><ele>2427.0</ele></trkpt>
<trkpt lat="45.157987" lon="-115.435459"><ele>2425.6</ele></trkpt>
<trkpt lat="45.157959" lon="-115.436433"><ele>2418.8</ele></trkpt>
<trkpt lat="45.157833" lon="-115.436783"><ele>2416.2</ele></trkpt>
<trkpt lat="45.157764" lon="-115.437300"><ele>2413.0</ele></trkpt>
<trkpt lat="45.157835" lon="-115.437439"><ele>2412.4</ele></trkpt>
<trkpt lat="45.157950" lon="-115.437488"><ele>2411.6</ele></trkpt>
<trkpt lat="45.158056" lon="-115.437377"><ele>2410.6</ele></trkpt>
<trkpt lat="45.158059" lon="-115.436946"><ele>2408.2</ele></trkpt>
<trkpt lat="45.158326" lon="-115.436702"><ele>2406.2</ele></trkpt>
<trkpt lat="45.158419" lon="-115.435839"><ele>2401.2</ele></trkpt>
<trkpt lat="45.158534" lon="-115.435620"><ele>2399.4</ele></trkpt>
<trkpt lat="45.159129" lon="-115.434891"><ele>2393.2</ele></trkpt>
<trkpt lat="45.160030" lon="-115.434521"><ele>2384.8</ele></trkpt>
<trkpt lat="45.160097" lon="-115.434279"><ele>2383.2</ele></trkpt>
<trkpt lat="45.160060" lon="-115.433789"><ele>2380.6</ele></trkpt>
<trkpt lat="45.160131" lon="-115.433696"><ele>2379.8</ele></trkpt>
<trkpt lat="45.160625" lon="-115.433630"><ele>2378.0</ele></trkpt>
<trkpt lat="45.160778" lon="-115.433709"><ele>2376.2</ele></trkpt>
<trkpt lat="45.161521" lon="-115.434626"><ele>2366.2</ele></trkpt>
<trkpt lat="45.161802" lon="-115.435248"><ele>2362.0</ele></trkpt>
<trkpt lat="45.161712" lon="-115.435524"><ele>2360.8</ele></trkpt>
<trkpt lat="45.161301" lon="-115.435673"><ele>2357.4</ele></trkpt>
<trkpt lat="45.161109" lon="-115.436027"><ele>2355.6</ele></trkpt>
<trkpt lat="45.160809" lon="-115.436160"><ele>2353.6</ele></trkpt>
<trkpt lat="45.160707" lon="-115.436294"><ele>2353.2</ele></trkpt>
<trkpt lat="45.160716" lon="-115.436452"><ele>2353.0</ele></trkpt>
<trkpt lat="45.160821" lon="-115.436544"><ele>2352.6</ele></trkpt>
<trkpt lat="45.161624" lon="-115.436408"><ele>2345.0</ele></trkpt>
<trkpt lat="45.162107" lon="-115.436801"><ele>2339.4</ele></trkpt>
<trkpt lat="45.162237" lon="-115.436742"><ele>2338.2</ele></trkpt>
<trkpt lat="45.162311" lon="-115.436414"><ele>2336.0</ele></trkpt>
<trkpt lat="45.162708" lon="-115.435599"><ele>2329.2</ele></trkpt>
<trkpt lat="45.163160" lon="-115.435194"><ele>2324.4</ele></trkpt>
<trkpt lat="45.163542" lon="-115.434572"><ele>2318.8</ele></trkpt>
<trkpt lat="45.164012" lon="-115.434302"><ele>2314.4</ele></trkpt>
<trkpt lat="45.164104" lon="-115.434331"><ele>2313.4</ele></trkpt>
<trkpt lat="45.164123" lon="-115.434483"><ele>2312.0</ele></trkpt>
<trkpt lat="45.163823" lon="-115.434799"><ele>2308.4</ele></trkpt>
<trkpt lat="45.163683" lon="-115.435141"><ele>2305.8</ele></trkpt>
<trkpt lat="45.163623" lon="-115.436039"><ele>2301.0</ele></trkpt>
<trkpt lat="45.163683" lon="-115.436200"><ele>2299.0</ele></trkpt>
<trkpt lat="45.163592" lon="-115.436106"><ele>2299.8</ele></trkpt>
<trkpt lat="45.163642" lon="-115.436195"><ele>2299.0</ele></trkpt>
<trkpt lat="45.163597" lon="-115.436180"><ele>2298.8</ele></trkpt>
<trkpt lat="45.163764" lon="-115.436157"><ele>2298.6</ele></trkpt>
<trkpt lat="45.163952" lon="-115.435809"><ele>2296.4</ele></trkpt>
<trkpt lat="45.164114" lon="-115.435669"><ele>2295.4</ele></trkpt>
<trkpt lat="45.164229" lon="-115.435704"><ele>2295.0</ele></trkpt>
<trkpt lat="45.164334" lon="-115.435849"><ele>2294.6</ele></trkpt>
<trkpt lat="45.164494" lon="-115.437164"><ele>2284.6</ele></trkpt>
<trkpt lat="45.164789" lon="-115.438226"><ele>2275.8</ele></trkpt>
<trkpt lat="45.165173" lon="-115.438788"><ele>2269.0</ele></trkpt>
<trkpt lat="45.165719" lon="-115.439932"><ele>2261.6</ele></trkpt>
<trkpt lat="45.166285" lon="-115.441787"><ele>2258.6</ele></trkpt>
<trkpt lat="45.166424" lon="-115.442431"><ele>2253.2</ele></trkpt>
<trkpt lat="45.166638" lon="-115.444483"><ele>2238.0</ele></trkpt>
<trkpt lat="45.167079" lon="-115.446083"><ele>2225.2</ele></trkpt>
<trkpt lat="45.167016" lon="-115.446864"><ele>2218.0</ele></trkpt>
<trkpt lat="45.166767" lon="-115.447853"><ele>2211.8</ele></trkpt>
<trkpt lat="45.166740" lon="-115.448323"><ele>2208.8</ele></trkpt>
<trkpt lat="45.166581" lon="-115.449209"><ele>2205.0</ele></trkpt>
<trkpt lat="45.166287" lon="-115.450070"><ele>2199.4</ele></trkpt>
<trkpt lat="45.166210" lon="-115.451099"><ele>2196.8</ele></trkpt>
<trkpt lat="45.166080" lon="-115.451086"><ele>2195.8</ele></trkpt>
<trkpt lat="45.165965" lon="-115.450904"><ele>2194.6</ele></trkpt>
<trkpt lat="45.165870" lon="-115.450110"><ele>2189.0</ele></trkpt>
<trkpt lat="45.165868" lon="-115.449189"><ele>2181.8</ele></trkpt>
<trkpt lat="45.165423" lon="-115.448195"><ele>2175.0</ele></trkpt>
<trkpt lat="45.165223" lon="-115.447469"><ele>2170.4</ele></trkpt>
<trkpt lat="45.165108" lon="-115.447439"><ele>2169.6</ele></trkpt>
<trkpt lat="45.164728" lon="-115.447786"><ele>2167.0</ele></trkpt>
<trkpt lat="45.164253" lon="-115.447941"><ele>2163.6</ele></trkpt>
<trkpt lat="45.164180" lon="-115.448039"><ele>2163.0</ele></trkpt>
<trkpt lat="45.164161" lon="-115.448259"><ele>2161.2</ele></trkpt>
<trkpt lat="45.164229" lon="-115.448637"><ele>2158.6</ele></trkpt>
<trkpt lat="45.164695" lon="-115.449369"><ele>2156.2</ele></trkpt>
<trkpt lat="45.164777" lon="-115.449734"><ele>2154.8</ele></trkpt>
<trkpt lat="45.164568" lon="-115.450531"><ele>2151.0</ele></trkpt>
<trkpt lat="45.164691" lon="-115.451997"><ele>2144.0</ele></trkpt>
<trkpt lat="45.164661" lon="-115.452464"><ele>2141.4</ele></trkpt>
<trkpt lat="45.164328" lon="-115.453084"><ele>2136.4</ele></trkpt>
<trkpt lat="45.164288" lon="-115.453371"><ele>2134.0</ele></trkpt>
<trkpt lat="45.164377" lon="-115.453584"><ele>2132.4</ele></trkpt>
<trkpt lat="45.164179" lon="-115.453878"><ele>2128.2</ele></trkpt>
<trkpt lat="45.164245" lon="-115.454523"><ele>2123.6</ele></trkpt>
<trkpt lat="45.164376" lon="-115.454875"><ele>2120.8</ele></trkpt>
<trkpt lat="45.164356" lon="-115.454969"><ele>2119.8</ele></trkpt>
<trkpt lat="45.164229" lon="-115.454956"><ele>2118.0</ele></trkpt>
<trkpt lat="45.163762" lon="-115.454134"><ele>2111.0</ele></trkpt>
<trkpt lat="45.163480" lon="-115.453837"><ele>2107.8</ele></trkpt>
<trkpt lat="45.163363" lon="-115.453571"><ele>2106.0</ele></trkpt>
<trkpt lat="45.163219" lon="-115.453569"><ele>2105.0</ele></trkpt>
<trkpt lat="45.163065" lon="-115.453803"><ele>2103.2</ele></trkpt>
<trkpt lat="45.163287" lon="-115.454553"><ele>2096.8</ele></trkpt>
<trkpt lat="45.163487" lon="-115.454777"><ele>2094.0</ele></trkpt>
<trkpt lat="45.163597" lon="-115.456141"><ele>2085.2</ele></trkpt>
<trkpt lat="45.163806" lon="-115.456700"><ele>2080.0</ele></trkpt>
<trkpt lat="45.163827" lon="-115.457120"><ele>2076.6</ele></trkpt>
<trkpt lat="45.164035" lon="-115.458072"><ele>2069.6</ele></trkpt>
<trkpt lat="45.164037" lon="-115.458422"><ele>2067.4</ele></trkpt>
<trkpt lat="45.164187" lon="-115.459302"><ele>2061.6</ele></trkpt>
<trkpt lat="45.164147" lon="-115.459301"><ele>2061.6</ele></trkpt>
<trkpt lat="45.164194" lon="-115.459730"><ele>2059.2</ele></trkpt>
<trkpt lat="45.164080" lon="-115.460316"><ele>2056.0</ele></trkpt>
<trkpt lat="45.164107" lon="-115.460532"><ele>2054.8</ele></trkpt>
<trkpt lat="45.164007" lon="-115.461491"><ele>2049.0</ele></trkpt>
<trkpt lat="45.164094" lon="-115.461998"><ele>2046.0</ele></trkpt>
<trkpt lat="45.164413" lon="-115.462427"><ele>2042.4</ele></trkpt>
<trkpt lat="45.164596" lon="-115.462899"><ele>2039.0</ele></trkpt>
<trkpt lat="45.164595" lon="-115.463453"><ele>2036.4</ele></trkpt>
<trkpt lat="45.164351" lon="-115.464723"><ele>2034.6</ele></trkpt>
<trkpt lat="45.164176" lon="-115.465246"><ele>2030.4</ele></trkpt>
<trkpt lat="45.164152" lon="-115.465695"><ele>2029.0</ele></trkpt>
<trkpt lat="45.164188" lon="-115.466033"><ele>2027.2</ele></trkpt>
<trkpt lat="45.164392" lon="-115.466515"><ele>2023.6</ele></trkpt>
<trkpt lat="45.164530" lon="-115.467160"><ele>2020.0</ele></trkpt>
<trkpt lat="45.164755" lon="-115.467649"><ele>2015.2</ele></trkpt>
<trkpt lat="45.164995" lon="-115.469194"><ele>2013.4</ele></trkpt>
<trkpt lat="45.165050" lon="-115.470038"><ele>2011.8</ele></trkpt>
<trkpt lat="45.164815" lon="-115.470694"><ele>2011.2</ele></trkpt>
<trkpt lat="45.164692" lon="-115.470835"><ele>2010.2</ele></trkpt>
<trkpt lat="45.164321" lon="-115.470995"><ele>2010.8</ele></trkpt>
<trkpt lat="45.164258" lon="-115.471389"><ele>2010.4</ele></trkpt>
<trkpt lat="45.164096" lon="-115.471651"><ele>2010.0</ele></trkpt>
<trkpt lat="45.163650" lon="-115.473075"><ele>2008.0</ele></trkpt>
<trkpt lat="45.163704" lon="-115.473402"><ele>2005.2</ele></trkpt>
<trkpt lat="45.164175" lon="-115.474108"><ele>1999.6</ele></trkpt>
<trkpt lat="45.164222" lon="-115.474557"><ele>1997.0</ele></trkpt>
<trkpt lat="45.164427" lon="-115.474800"><ele>1995.0</ele></trkpt>
<trkpt lat="45.164462" lon="-115.474956"><ele>1994.2</ele></trkpt>
<trkpt lat="45.164358" lon="-115.475530"><ele>1990.8</ele></trkpt>
<trkpt lat="45.163968" lon="-115.476184"><ele>1986.6</ele></trkpt>
<trkpt lat="45.163859" lon="-115.477083"><ele>1980.8</ele></trkpt>
<trkpt lat="45.163687" lon="-115.477535"><ele>1978.6</ele></trkpt>
<trkpt lat="45.162803" lon="-115.479182"><ele>1969.0</ele></trkpt>
<trkpt lat="45.162724" lon="-115.479195"><ele>1968.6</ele></trkpt>
<trkpt lat="45.162708" lon="-115.479119"><ele>1968.2</ele></trkpt>
<trkpt lat="45.163066" lon="-115.478267"><ele>1963.4</ele></trkpt>
<trkpt lat="45.163153" lon="-115.477251"><ele>1957.8</ele></trkpt>
<trkpt lat="45.163147" lon="-115.477083"><ele>1956.4</ele></trkpt>
<trkpt lat="45.162760" lon="-115.476546"><ele>1953.0</ele></trkpt>
<trkpt lat="45.162475" lon="-115.476573"><ele>1953.0</ele></trkpt>
<trkpt lat="45.162242" lon="-115.476987"><ele>1952.2</ele></trkpt>
<trkpt lat="45.161742" lon="-115.477427"><ele>1949.4</ele></trkpt>
<trkpt lat="45.161139" lon="-115.477809"><ele>1944.0</ele></trkpt>
<trkpt lat="45.160576" lon="-115.478013"><ele>1940.4</ele></trkpt>
<trkpt lat="45.160276" lon="-115.478244"><ele>1937.4</ele></trkpt>
<trkpt lat="45.159816" lon="-115.478800"><ele>1932.6</ele></trkpt>
<trkpt lat="45.159450" lon="-115.479053"><ele>1930.0</ele></trkpt>
<trkpt lat="45.159057" lon="-115.479683"><ele>1925.4</ele></trkpt>
<trkpt lat="45.158711" lon="-115.480049"><ele>1921.6</ele></trkpt>
<trkpt lat="45.158253" lon="-115.480706"><ele>1915.8</ele></trkpt>
<trkpt lat="45.157902" lon="-115.480871"><ele>1913.8</ele></trkpt>
<trkpt lat="45.157808" lon="-115.480990"><ele>1912.8</ele></trkpt>
<trkpt lat="45.157353" lon="-115.482082"><ele>1904.8</ele></trkpt>
<trkpt lat="45.156853" lon="-115.483034"><ele>1897.0</ele></trkpt>
<trkpt lat="45.156000" lon="-115.484191"><ele>1889.0</ele></trkpt>
<trkpt lat="45.155763" lon="-115.484394"><ele>1887.8</ele></trkpt>
<trkpt lat="45.155776" lon="-115.484525"><ele>1887.2</ele></trkpt>
<trkpt lat="45.155851" lon="-115.484545"><ele>1886.4</ele></trkpt>
<trkpt lat="45.156207" lon="-115.484138"><ele>1882.4</ele></trkpt>
<trkpt lat="45.156932" lon="-115.483586"><ele>1876.4</ele></trkpt>
<trkpt lat="45.157439" lon="-115.483355"><ele>1872.0</ele></trkpt>
<trkpt lat="45.157647" lon="-115.483180"><ele>1869.6</ele></trkpt>
<trkpt lat="45.158207" lon="-115.483153"><ele>1866.6</ele></trkpt>
<trkpt lat="45.158239" lon="-115.483237"><ele>1865.8</ele></trkpt>
<trkpt lat="45.158128" lon="-115.483371"><ele>1865.0</ele></trkpt>
<trkpt lat="45.157798" lon="-115.483498"><ele>1863.2</ele></trkpt>
<trkpt lat="45.157309" lon="-115.483968"><ele>1857.8</ele></trkpt>
<trkpt lat="45.156859" lon="-115.484667"><ele>1852.2</ele></trkpt>
<trkpt lat="45.156530" lon="-115.484965"><ele>1849.6</ele></trkpt>
<trkpt lat="45.156182" lon="-115.485478"><ele>1845.2</ele></trkpt>
<trkpt lat="45.155707" lon="-115.486678"><ele>1837.4</ele></trkpt>
<trkpt lat="45.155281" lon="-115.487123"><ele>1833.6</ele></trkpt>
<trkpt lat="45.154621" lon="-115.488045"><ele>1826.2</ele></trkpt>
<trkpt lat="45.154324" lon="-115.488234"><ele>1823.6</ele></trkpt>
<trkpt lat="45.154453" lon="-115.488760"><ele>1821.2</ele></trkpt>
<trkpt lat="45.154146" lon="-115.490405"><ele>1811.2</ele></trkpt>
<trkpt lat="45.153955" lon="-115.492214"><ele>1800.0</ele></trkpt>
<trkpt lat="45.153965" lon="-115.493198"><ele>1794.4</ele></trkpt>
<trkpt lat="45.153821" lon="-115.493994"><ele>1788.8</ele></trkpt>
<trkpt lat="45.153744" lon="-115.495194"><ele>1781.8</ele></trkpt>
<trkpt lat="45.153476" lon="-115.496397"><ele>1775.8</ele></trkpt>
<trkpt lat="45.153290" lon="-115.496785"><ele>1773.0</ele></trkpt>
<trkpt lat="45.152943" lon="-115.497234"><ele>1768.8</ele></trkpt>
<trkpt lat="45.152739" lon="-115.497354"><ele>1767.0</ele></trkpt>
<trkpt lat="45.152016" lon="-115.497475"><ele>1762.2</ele></trkpt>
<trkpt lat="45.151652" lon="-115.497884"><ele>1758.2</ele></trkpt>
<trkpt lat="45.151498" lon="-115.497967"><ele>1757.2</ele></trkpt>
<trkpt lat="45.150783" lon="-115.497747"><ele>1751.8</ele></trkpt>
<trkpt lat="45.150550" lon="-115.497807"><ele>1749.4</ele></trkpt>
<trkpt lat="45.150389" lon="-115.498313"><ele>1747.4</ele></trkpt>
<trkpt lat="45.150349" lon="-115.499167"><ele>1742.8</ele></trkpt>
<trkpt lat="45.150278" lon="-115.499437"><ele>1741.0</ele></trkpt>
<trkpt lat="45.149656" lon="-115.499938"><ele>1735.4</ele></trkpt>
<trkpt lat="45.149256" lon="-115.499744"><ele>1731.6</ele></trkpt>
<trkpt lat="45.149082" lon="-115.499482"><ele>1730.2</ele></trkpt>
<trkpt lat="45.148764" lon="-115.499237"><ele>1728.2</ele></trkpt>
<trkpt lat="45.148369" lon="-115.499234"><ele>1724.6</ele></trkpt>
<trkpt lat="45.147994" lon="-115.499064"><ele>1721.2</ele></trkpt>
<trkpt lat="45.147849" lon="-115.498919"><ele>1720.2</ele></trkpt>
<trkpt lat="45.147695" lon="-115.498571"><ele>1718.6</ele></trkpt>
<trkpt lat="45.147125" lon="-115.498232"><ele>1713.6</ele></trkpt>
<trkpt lat="45.146570" lon="-115.497576"><ele>1709.6</ele></trkpt>
<trkpt lat="45.145833" lon="-115.497478"><ele>1704.2</ele></trkpt>
<trkpt lat="45.145227" lon="-115.497098"><ele>1699.4</ele></trkpt>
<trkpt lat="45.145043" lon="-115.496899"><ele>1697.8</ele></trkpt>
<trkpt lat="45.144870" lon="-115.496526"><ele>1696.8</ele></trkpt>
<trkpt lat="45.144752" lon="-115.496554"><ele>1696.6</ele></trkpt>
<trkpt lat="45.144449" lon="-115.496866"><ele>1694.2</ele></trkpt>
<trkpt lat="45.142960" lon="-115.496943"><ele>1683.0</ele></trkpt>
<trkpt lat="45.142637" lon="-115.497179"><ele>1680.2</ele></trkpt>
<trkpt lat="45.142093" lon="-115.497866"><ele>1675.8</ele></trkpt>
<trkpt lat="45.142134" lon="-115.498082"><ele>1674.6</ele></trkpt>
<trkpt lat="45.142344" lon="-115.498147"><ele>1673.0</ele></trkpt>
<trkpt lat="45.142728" lon="-115.498012"><ele>1670.6</ele></trkpt>
<trkpt lat="45.143277" lon="-115.497606"><ele>1666.2</ele></trkpt>
<trkpt lat="45.143609" lon="-115.497598"><ele>1663.2</ele></trkpt>
<trkpt lat="45.143912" lon="-115.497708"><ele>1660.6</ele></trkpt>
<trkpt lat="45.144515" lon="-115.498348"><ele>1654.6</ele></trkpt>
<trkpt lat="45.144948" lon="-115.498277"><ele>1650.8</ele></trkpt>
<trkpt lat="45.145336" lon="-115.498469"><ele>1648.8</ele></trkpt>
<trkpt lat="45.145679" lon="-115.498749"><ele>1645.4</ele></trkpt>
<trkpt lat="45.145899" lon="-115.499112"><ele>1642.6</ele></trkpt>
<trkpt lat="45.146414" lon="-115.499508"><ele>1636.6</ele></trkpt>
<trkpt lat="45.146692" lon="-115.500051"><ele>1632.2</ele></trkpt>
<trkpt lat="45.147057" lon="-115.500296"><ele>1628.6</ele></trkpt>
<trkpt lat="45.149307" lon="-115.502534"><ele>1601.6</ele></trkpt>
<trkpt lat="45.149537" lon="-115.502664"><ele>1599.4</ele></trkpt>
<trkpt lat="45.150115" lon="-115.502748"><ele>1593.2</ele></trkpt>
<trkpt lat="45.150439" lon="-115.503000"><ele>1589.6</ele></trkpt>
<trkpt lat="45.150823" lon="-115.503072"><ele>1585.2</ele></trkpt>
<trkpt lat="45.151488" lon="-115.504048"><ele>1576.4</ele></trkpt>
<trkpt lat="45.151721" lon="-115.504273"><ele>1573.8</ele></trkpt>
<trkpt lat="45.151734" lon="-115.504386"><ele>1572.8</ele></trkpt>
<trkpt lat="45.151643" lon="-115.504456"><ele>1571.6</ele></trkpt>
<trkpt lat="45.151202" lon="-115.504489"><ele>1568.4</ele></trkpt>
<trkpt lat="45.150166" lon="-115.504131"><ele>1559.8</ele></trkpt>
<trkpt lat="45.149917" lon="-115.504219"><ele>1558.2</ele></trkpt>
<trkpt lat="45.149600" lon="-115.504199"><ele>1556.4</ele></trkpt>
<trkpt lat="45.149626" lon="-115.504331"><ele>1555.6</ele></trkpt>
<trkpt lat="45.149879" lon="-115.504506"><ele>1553.8</ele></trkpt>
<trkpt lat="45.150321" lon="-115.505009"><ele>1549.8</ele></trkpt>
<trkpt lat="45.150308" lon="-115.505247"><ele>1548.2</ele></trkpt>
<trkpt lat="45.149630" lon="-115.505085"><ele>1543.0</ele></trkpt>
<trkpt lat="45.149180" lon="-115.505204"><ele>1539.8</ele></trkpt>
<trkpt lat="45.148749" lon="-115.505485"><ele>1536.6</ele></trkpt>
<trkpt lat="45.148691" lon="-115.505649"><ele>1535.6</ele></trkpt>
<trkpt lat="45.148653" lon="-115.506434"><ele>1531.6</ele></trkpt>
<trkpt lat="45.148327" lon="-115.507021"><ele>1526.2</ele></trkpt>
<trkpt lat="45.148149" lon="-115.508070"><ele>1521.2</ele></trkpt>
<trkpt lat="45.148054" lon="-115.508253"><ele>1519.8</ele></trkpt>
<trkpt lat="45.147471" lon="-115.508832"><ele>1514.6</ele></trkpt>
<trkpt lat="45.147383" lon="-115.509155"><ele>1512.4</ele></trkpt>
<trkpt lat="45.146949" lon="-115.509215"><ele>1508.0</ele></trkpt>
<trkpt lat="45.146526" lon="-115.508928"><ele>1504.2</ele></trkpt>
<trkpt lat="45.145613" lon="-115.508833"><ele>1497.8</ele></trkpt>
<trkpt lat="45.145471" lon="-115.508872"><ele>1496.6</ele></trkpt>
<trkpt lat="45.145367" lon="-115.509036"><ele>1495.4</ele></trkpt>
<trkpt lat="45.145419" lon="-115.509159"><ele>1494.4</ele></trkpt>
<trkpt lat="45.145632" lon="-115.509005"><ele>1493.2</ele></trkpt>
<trkpt lat="45.145735" lon="-115.509037"><ele>1492.6</ele></trkpt>
<trkpt lat="45.146059" lon="-115.509514"><ele>1489.6</ele></trkpt>
<trkpt lat="45.146358" lon="-115.509758"><ele>1486.8</ele></trkpt>
<trkpt lat="45.146658" lon="-115.509877"><ele>1484.6</ele></trkpt>
<trkpt lat="45.146939" lon="-115.510377"><ele>1481.2</ele></trkpt>
<trkpt lat="45.147227" lon="-115.510670"><ele>1479.0</ele></trkpt>
<trkpt lat="45.147376" lon="-115.510636"><ele>1477.6</ele></trkpt>
<trkpt lat="45.147609" lon="-115.510209"><ele>1474.2</ele></trkpt>
<trkpt lat="45.147883" lon="-115.509978"><ele>1471.2</ele></trkpt>
<trkpt lat="45.148089" lon="-115.509896"><ele>1471.2</ele></trkpt>
<trkpt lat="45.148119" lon="-115.509952"><ele>1471.2</ele></trkpt>
<trkpt lat="45.147808" lon="-115.510513"><ele>1466.0</ele></trkpt>
<trkpt lat="45.147716" lon="-115.510957"><ele>1463.6</ele></trkpt>
<trkpt lat="45.147786" lon="-115.511806"><ele>1458.0</ele></trkpt>
<trkpt lat="45.147705" lon="-115.512329"><ele>1454.0</ele></trkpt>
<trkpt lat="45.147769" lon="-115.513187"><ele>1447.2</ele></trkpt>
<trkpt lat="45.147871" lon="-115.513893"><ele>1442.0</ele></trkpt>
<trkpt lat="45.148255" lon="-115.515069"><ele>1431.8</ele></trkpt>
<trkpt lat="45.148283" lon="-115.515472"><ele>1428.8</ele></trkpt>
<trkpt lat="45.148520" lon="-115.515948"><ele>1425.2</ele></trkpt>
<trkpt lat="45.148636" lon="-115.516429"><ele>1422.6</ele></trkpt>
<trkpt lat="45.148958" lon="-115.517275"><ele>1416.2</ele></trkpt>
<trkpt lat="45.149021" lon="-115.517972"><ele>1411.8</ele></trkpt>
<trkpt lat="45.149194" lon="-115.518742"><ele>1405.2</ele></trkpt>
<trkpt lat="45.149235" lon="-115.521305"><ele>1385.8</ele></trkpt>
<trkpt lat="45.149502" lon="-115.522646"><ele>1376.6</ele></trkpt>
<trkpt lat="45.149681" lon="-115.524284"><ele>1366.8</ele></trkpt>
<trkpt lat="45.149500" lon="-115.524918"><ele>1363.8</ele></trkpt>
<trkpt lat="45.149419" lon="-115.525469"><ele>1358.8</ele></trkpt>
<trkpt lat="45.149272" lon="-115.525701"><ele>1356.4</ele></trkpt>
<trkpt lat="45.149178" lon="-115.526095"><ele>1352.6</ele></trkpt>
<trkpt lat="45.148944" lon="-115.526479"><ele>1349.0</ele></trkpt>
<trkpt lat="45.148942" lon="-115.526697"><ele>1347.0</ele></trkpt>
<trkpt lat="45.149017" lon="-115.526867"><ele>1345.2</ele></trkpt>
<trkpt lat="45.148997" lon="-115.527159"><ele>1342.8</ele></trkpt>
<trkpt lat="45.148713" lon="-115.527695"><ele>1337.6</ele></trkpt>
<trkpt lat="45.148762" lon="-115.527886"><ele>1336.2</ele></trkpt>
<trkpt lat="45.149010" lon="-115.528254"><ele>1333.6</ele></trkpt>
<trkpt lat="45.149077" lon="-115.528821"><ele>1333.8</ele></trkpt>
<trkpt lat="45.149233" lon="-115.529377"><ele>1331.2</ele></trkpt>
<trkpt lat="45.149534" lon="-115.531421"><ele>1323.2</ele></trkpt>
<trkpt lat="45.150177" lon="-115.532310"><ele>1320.2</ele></trkpt>
<trkpt lat="45.150642" lon="-115.533227"><ele>1314.4</ele></trkpt>
<trkpt lat="45.151080" lon="-115.534676"><ele>1307.6</ele></trkpt>
<trkpt lat="45.151226" lon="-115.536225"><ele>1301.4</ele></trkpt>
<trkpt lat="45.151468" lon="-115.536614"><ele>1298.8</ele></trkpt>
<trkpt lat="45.151793" lon="-115.537429"><ele>1295.0</ele></trkpt>
<trkpt lat="45.152098" lon="-115.538730"><ele>1289.0</ele></trkpt>
<trkpt lat="45.152042" lon="-115.539276"><ele>1286.6</ele></trkpt>
<trkpt lat="45.151730" lon="-115.540152"><ele>1276.2</ele></trkpt>
<trkpt lat="45.151628" lon="-115.540852"><ele>1267.8</ele></trkpt>
<trkpt lat="45.151729" lon="-115.542092"><ele>1255.4</ele></trkpt>
<trkpt lat="45.151719" lon="-115.543215"><ele>1245.6</ele></trkpt>
<trkpt lat="45.152069" lon="-115.544563"><ele>1233.0</ele></trkpt>
<trkpt lat="45.152042" lon="-115.544908"><ele>1230.4</ele></trkpt>
<trkpt lat="45.151732" lon="-115.545864"><ele>1222.2</ele></trkpt>
<trkpt lat="45.151959" lon="-115.546755"><ele>1213.8</ele></trkpt>
<trkpt lat="45.151992" lon="-115.547266"><ele>1210.8</ele></trkpt>
<trkpt lat="45.151916" lon="-115.547721"><ele>1208.0</ele></trkpt>
<trkpt lat="45.151692" lon="-115.548376"><ele>1202.4</ele></trkpt>
<trkpt lat="45.151763" lon="-115.548660"><ele>1201.0</ele></trkpt>
<trkpt lat="45.151741" lon="-115.549061"><ele>1198.6</ele></trkpt>
<trkpt lat="45.151477" lon="-115.549999"><ele>1191.2</ele></trkpt>
<trkpt lat="45.151162" lon="-115.550707"><ele>1186.2</ele></trkpt>
<trkpt lat="45.150956" lon="-115.551892"><ele>1175.4</ele></trkpt>
<trkpt lat="45.151003" lon="-115.552172"><ele>1172.4</ele></trkpt>
<trkpt lat="45.151396" lon="-115.553184"><ele>1169.6</ele></trkpt>
<trkpt lat="45.151411" lon="-115.553474"><ele>1170.8</ele></trkpt>
<trkpt lat="45.151160" lon="-115.554110"><ele>1169.2</ele></trkpt>
<trkpt lat="45.150927" lon="-115.556537"><ele>1160.4</ele></trkpt>
<trkpt lat="45.150770" lon="-115.556802"><ele>1159.4</ele></trkpt>
<trkpt lat="45.150237" lon="-115.557385"><ele>1162.8</ele></trkpt>
<trkpt lat="45.149949" lon="-115.558880"><ele>1178.8</ele></trkpt>
<trkpt lat="45.149913" lon="-115.558866"><ele>1179.2</ele></trkpt>
<trkpt lat="45.149946" lon="-115.559053"><ele>1179.4</ele></trkpt>
<trkpt lat="45.149917" lon="-115.558951"><ele>1179.0</ele></trkpt>
<trkpt lat="45.149673" lon="-115.560195"><ele>1178.6</ele></trkpt>
<trkpt lat="45.149944" lon="-115.560855"><ele>1177.4</ele></trkpt>
<trkpt lat="45.149956" lon="-115.561009"><ele>1176.6</ele></trkpt>
<trkpt lat="45.149562" lon="-115.561474"><ele>1172.0</ele></trkpt>
<trkpt lat="45.149400" lon="-115.561962"><ele>1165.0</ele></trkpt>
<trkpt lat="45.149044" lon="-115.562613"><ele>1155.8</ele></trkpt>
<trkpt lat="45.148992" lon="-115.563109"><ele>1150.4</ele></trkpt>
<trkpt lat="45.149028" lon="-115.563413"><ele>1146.6</ele></trkpt>
<trkpt lat="45.149133" lon="-115.563678"><ele>1142.6</ele></trkpt>
<trkpt lat="45.149502" lon="-115.564098"><ele>1134.0</ele></trkpt>
<trkpt lat="45.150205" lon="-115.565352"><ele>1114.2</ele></trkpt>
<trkpt lat="45.150778" lon="-115.566598"><ele>1101.2</ele></trkpt>
<trkpt lat="45.151200" lon="-115.567179"><ele>1094.8</ele></trkpt>
<trkpt lat="45.151289" lon="-115.567457"><ele>1092.2</ele></trkpt>
<trkpt lat="45.151431" lon="-115.568445"><ele>1085.2</ele></trkpt>
<trkpt lat="45.151724" lon="-115.569303"><ele>1076.2</ele></trkpt>
<trkpt lat="45.151769" lon="-115.569754"><ele>1071.6</ele></trkpt>
<trkpt lat="45.151708" lon="-115.571016"><ele>1060.4</ele></trkpt>
<trkpt lat="45.151213" lon="-115.571530"><ele>1056.0</ele></trkpt>
<trkpt lat="45.150911" lon="-115.572229"><ele>1051.4</ele></trkpt>
<trkpt lat="45.150193" lon="-115.572888"><ele>1044.8</ele></trkpt>
<trkpt lat="45.150108" lon="-115.573105"><ele>1043.6</ele></trkpt>
<trkpt lat="45.150014" lon="-115.573723"><ele>1040.8</ele></trkpt>
<trkpt lat="45.150084" lon="-115.574933"><ele>1038.6</ele></trkpt>
<trkpt lat="45.150394" lon="-115.576353"><ele>1034.8</ele></trkpt>
<trkpt lat="45.150416" lon="-115.576922"><ele>1032.0</ele></trkpt>
<trkpt lat="45.150332" lon="-115.577490"><ele>1030.0</ele></trkpt>
<trkpt lat="45.150534" lon="-115.578558"><ele>1026.4</ele></trkpt>
<trkpt lat="45.150504" lon="-115.579341"><ele>1024.0</ele></trkpt>
<trkpt lat="45.150328" lon="-115.580152"><ele>1021.4</ele></trkpt>
<trkpt lat="45.150336" lon="-115.580513"><ele>1020.6</ele></trkpt>
<trkpt lat="45.150436" lon="-115.580863"><ele>1019.0</ele></trkpt>
<trkpt lat="45.151062" lon="-115.582011"><ele>1014.2</ele></trkpt>
<trkpt lat="45.151290" lon="-115.584069"><ele>1006.2</ele></trkpt>
<trkpt lat="45.151834" lon="-115.585839"><ele>998.8</ele></trkpt>
<trkpt lat="45.151983" lon="-115.586056"><ele>996.8</ele></trkpt>
<trkpt lat="45.152237" lon="-115.586122"><ele>995.2</ele></trkpt>
<trkpt lat="45.152336" lon="-115.586043"><ele>994.8</ele></trkpt>
<trkpt lat="45.152407" lon="-115.585729"><ele>993.6</ele></trkpt>
<trkpt lat="45.152496" lon="-115.585654"><ele>992.6</ele></trkpt>
<trkpt lat="45.152766" lon="-115.586309"><ele>987.8</ele></trkpt>
<trkpt lat="45.153091" lon="-115.586523"><ele>985.6</ele></trkpt>
<trkpt lat="45.153379" lon="-115.587120"><ele>983.8</ele></trkpt>
<trkpt lat="45.153655" lon="-115.587333"><ele>981.2</ele></trkpt>
<trkpt lat="45.153804" lon="-115.587324"><ele>980.0</ele></trkpt>
<trkpt lat="45.153990" lon="-115.587132"><ele>978.4</ele></trkpt>
<trkpt lat="45.154553" lon="-115.586874"><ele>973.2</ele></trkpt>
<trkpt lat="45.154622" lon="-115.586640"><ele>972.8</ele></trkpt>
<trkpt lat="45.154324" lon="-115.586027"><ele>972.2</ele></trkpt>
<trkpt lat="45.153704" lon="-115.585590"><ele>965.2</ele></trkpt>
<trkpt lat="45.153191" lon="-115.585447"><ele>960.6</ele></trkpt>
<trkpt lat="45.152977" lon="-115.585268"><ele>958.4</ele></trkpt>
<trkpt lat="45.152655" lon="-115.584553"><ele>952.2</ele></trkpt>
<trkpt lat="45.152737" lon="-115.584211"><ele>950.4</ele></trkpt>
<trkpt lat="45.153041" lon="-115.584105"><ele>948.6</ele></trkpt>
<trkpt lat="45.153661" lon="-115.584346"><ele>945.0</ele></trkpt>
<trkpt lat="45.154443" lon="-115.584318"><ele>941.2</ele></trkpt>
<trkpt lat="45.154649" lon="-115.584231"><ele>940.8</ele></trkpt>
<trkpt lat="45.155089" lon="-115.583685"><ele>942.4</ele></trkpt>
<trkpt lat="45.155863" lon="-115.581847"><ele>948.4</ele></trkpt>
<trkpt lat="45.156128" lon="-115.580827"><ele>951.0</ele></trkpt>
<trkpt lat="45.156486" lon="-115.580253"><ele>951.8</ele></trkpt>
<trkpt lat="45.157019" lon="-115.579740"><ele>954.0</ele></trkpt>
<trkpt lat="45.157416" lon="-115.579558"><ele>954.0</ele></trkpt>
<trkpt lat="45.157585" lon="-115.579152"><ele>952.4</ele></trkpt>
<trkpt lat="45.157899" lon="-115.578725"><ele>950.8</ele></trkpt>
<trkpt lat="45.158264" lon="-115.578032"><ele>949.6</ele></trkpt>
<trkpt lat="45.158630" lon="-115.577666"><ele>948.6</ele></trkpt>
<trkpt lat="45.158884" lon="-115.576766"><ele>947.0</ele></trkpt>
<trkpt lat="45.159007" lon="-115.576547"><ele>946.4</ele></trkpt>
<trkpt lat="45.159450" lon="-115.576258"><ele>944.0</ele></trkpt>
<trkpt lat="45.160052" lon="-115.576048"><ele>941.6</ele></trkpt>
<trkpt lat="45.161484" lon="-115.575846"><ele>937.2</ele></trkpt>
<trkpt lat="45.161778" lon="-115.575433"><ele>938.0</ele></trkpt>
<trkpt lat="45.162019" lon="-115.575316"><ele>939.6</ele></trkpt>
<trkpt lat="45.162350" lon="-115.574951"><ele>942.0</ele></trkpt>
<trkpt lat="45.162600" lon="-115.574822"><ele>943.2</ele></trkpt>
<trkpt lat="45.163388" lon="-115.574570"><ele>945.2</ele></trkpt>
<trkpt lat="45.164072" lon="-115.574508"><ele>944.2</ele></trkpt>
<trkpt lat="45.164336" lon="-115.574342"><ele>944.0</ele></trkpt>
<trkpt lat="45.165067" lon="-115.574670"><ele>944.4</ele></trkpt>
<trkpt lat="45.165787" lon="-115.574733"><ele>944.6</ele></trkpt>
<trkpt lat="45.166197" lon="-115.574682"><ele>945.6</ele></trkpt>
<trkpt lat="45.167209" lon="-115.574958"><ele>946.0</ele></trkpt>
<trkpt lat="45.168681" lon="-115.576143"><ele>949.0</ele></trkpt>
<trkpt lat="45.168993" lon="-115.576103"><ele>949.2</ele></trkpt>
<trkpt lat="45.169283" lon="-115.576510"><ele>949.0</ele></trkpt>
<trkpt lat="45.170544" lon="-115.577440"><ele>945.4</ele></trkpt>
<trkpt lat="45.170691" lon="-115.577464"><ele>945.2</ele></trkpt>
<trkpt lat="45.170933" lon="-115.577172"><ele>944.8</ele></trkpt>
<trkpt lat="45.171029" lon="-115.577204"><ele>945.0</ele></trkpt>
<trkpt lat="45.170972" lon="-115.577994"><ele>944.2</ele></trkpt>
<trkpt lat="45.171020" lon="-115.578556"><ele>940.8</ele></trkpt>
<trkpt lat="45.171201" lon="-115.579052"><ele>936.6</ele></trkpt>
<trkpt lat="45.171514" lon="-115.579380"><ele>932.4</ele></trkpt>
<trkpt lat="45.171785" lon="-115.579377"><ele>929.4</ele></trkpt>
<trkpt lat="45.172791" lon="-115.578985"><ele>920.2</ele></trkpt>
<trkpt lat="45.173529" lon="-115.578933"><ele>915.4</ele></trkpt>
<trkpt lat="45.174337" lon="-115.579260"><ele>908.8</ele></trkpt>
<trkpt lat="45.175469" lon="-115.580628"><ele>904.2</ele></trkpt>
<trkpt lat="45.175663" lon="-115.580707"><ele>904.2</ele></trkpt>
<trkpt lat="45.175871" lon="-115.580514"><ele>903.2</ele></trkpt>
<trkpt lat="45.175909" lon="-115.580314"><ele>901.2</ele></trkpt>
<trkpt lat="45.175818" lon="-115.580195"><ele>896.8</ele></trkpt>
<trkpt lat="45.175823" lon="-115.580054"><ele>894.8</ele></trkpt>
<trkpt lat="45.175807" lon="-115.580252"><ele>894.0</ele></trkpt>
<trkpt lat="45.175944" lon="-115.580190"><ele>894.2</ele></trkpt>
<trkpt lat="45.175887" lon="-115.580151"><ele>894.2</ele></trkpt>
<trkpt lat="45.175933" lon="-115.580194"><ele>894.4</ele></trkpt>
<trkpt lat="45.175923" lon="-115.580370"><ele>895.4</ele></trkpt>
<trkpt lat="45.175849" lon="-115.580644"><ele>898.2</ele></trkpt>
<trkpt lat="45.175942" lon="-115.580682"><ele>898.6</ele></trkpt>
<trkpt lat="45.176543" lon="-115.579715"><ele>898.8</ele></trkpt>
<trkpt lat="45.176844" lon="-115.579365"><ele>900.2</ele></trkpt>
<trkpt lat="45.177611" lon="-115.578910"><ele>903.6</ele></trkpt>
<trkpt lat="45.178511" lon="-115.578530"><ele>899.2</ele></trkpt>
<trkpt lat="45.179320" lon="-115.577833"><ele>901.4</ele></trkpt>
<trkpt lat="45.179937" lon="-115.577515"><ele>909.6</ele></trkpt>
<trkpt lat="45.180224" lon="-115.577249"><ele>910.4</ele></trkpt>
<trkpt lat="45.181066" lon="-115.576144"><ele>920.6</ele></trkpt>
<trkpt lat="45.181769" lon="-115.575088"><ele>927.8</ele></trkpt>
<trkpt lat="45.182137" lon="-115.574361"><ele>932.2</ele></trkpt>
<trkpt lat="45.182530" lon="-115.573250"><ele>932.8</ele></trkpt>
<trkpt lat="45.182585" lon="-115.572524"><ele>935.8</ele></trkpt>
<trkpt lat="45.182731" lon="-115.572056"><ele>938.6</ele></trkpt>
<trkpt lat="45.182843" lon="-115.571161"><ele>940.6</ele></trkpt>
<trkpt lat="45.182858" lon="-115.569956"><ele>946.2</ele></trkpt>
<trkpt lat="45.182797" lon="-115.569203"><ele>953.0</ele></trkpt>
<trkpt lat="45.182983" lon="-115.568660"><ele>957.0</ele></trkpt>
<trkpt lat="45.182992" lon="-115.568295"><ele>959.2</ele></trkpt>
<trkpt lat="45.183138" lon="-115.567992"><ele>960.4</ele></trkpt>
<trkpt lat="45.183649" lon="-115.567916"><ele>962.6</ele></trkpt>
<trkpt lat="45.184225" lon="-115.568124"><ele>964.6</ele></trkpt>
<trkpt lat="45.184383" lon="-115.568078"><ele>964.6</ele></trkpt>
<trkpt lat="45.184869" lon="-115.568179"><ele>964.6</ele></trkpt>
<trkpt lat="45.185472" lon="-115.568023"><ele>966.0</ele></trkpt>
<trkpt lat="45.185648" lon="-115.568115"><ele>964.8</ele></trkpt>
<trkpt lat="45.186246" lon="-115.569165"><ele>964.8</ele></trkpt>
<trkpt lat="45.186545" lon="-115.569571"><ele>967.2</ele></trkpt>
<trkpt lat="45.186913" lon="-115.570292"><ele>969.8</ele></trkpt>
<trkpt lat="45.186978" lon="-115.570310"><ele>969.6</ele></trkpt>
<trkpt lat="45.187185" lon="-115.571442"><ele>963.8</ele></trkpt>
<trkpt lat="45.187446" lon="-115.571943"><ele>960.6</ele></trkpt>
<trkpt lat="45.187596" lon="-115.572500"><ele>959.0</ele></trkpt>
<trkpt lat="45.187694" lon="-115.572628"><ele>958.8</ele></trkpt>
<trkpt lat="45.187797" lon="-115.572635"><ele>958.6</ele></trkpt>
<trkpt lat="45.187980" lon="-115.572496"><ele>958.4</ele></trkpt>
<trkpt lat="45.187930" lon="-115.570930"><ele>961.0</ele></trkpt>
<trkpt lat="45.188309" lon="-115.569519"><ele>970.8</ele></trkpt>
<trkpt lat="45.189762" lon="-115.568682"><ele>984.6</ele></trkpt>
<trkpt lat="45.190717" lon="-115.568357"><ele>984.6</ele></trkpt>
<trkpt lat="45.190942" lon="-115.568366"><ele>985.8</ele></trkpt>
<trkpt lat="45.191489" lon="-115.568612"><ele>991.2</ele></trkpt>
<trkpt lat="45.192125" lon="-115.568581"><ele>990.6</ele></trkpt>
<trkpt lat="45.192311" lon="-115.568638"><ele>991.0</ele></trkpt>
<trkpt lat="45.192898" lon="-115.568330"><ele>993.4</ele></trkpt>
<trkpt lat="45.193361" lon="-115.568417"><ele>996.6</ele></trkpt>
<trkpt lat="45.193560" lon="-115.568541"><ele>998.8</ele></trkpt>
<trkpt lat="45.193698" lon="-115.568738"><ele>1001.0</ele></trkpt>
<trkpt lat="45.194176" lon="-115.568526"><ele>1007.0</ele></trkpt>
<trkpt lat="45.195334" lon="-115.568817"><ele>1019.8</ele></trkpt>
<trkpt lat="45.195566" lon="-115.568621"><ele>1022.8</ele></trkpt>
<trkpt lat="45.195755" lon="-115.568659"><ele>1025.4</ele></trkpt>
<trkpt lat="45.195774" lon="-115.568824"><ele>1027.0</ele></trkpt>
<trkpt lat="45.195640" lon="-115.569005"><ele>1029.0</ele></trkpt>
<trkpt lat="45.194275" lon="-115.569241"><ele>1046.8</ele></trkpt>
<trkpt lat="45.193990" lon="-115.569815"><ele>1050.8</ele></trkpt>
<trkpt lat="45.193829" lon="-115.569955"><ele>1053.0</ele></trkpt>
<trkpt lat="45.193621" lon="-115.569829"><ele>1056.2</ele></trkpt>
<trkpt lat="45.193374" lon="-115.569511"><ele>1059.8</ele></trkpt>
<trkpt lat="45.193157" lon="-115.569462"><ele>1061.6</ele></trkpt>
<trkpt lat="45.193001" lon="-115.569596"><ele>1063.6</ele></trkpt>
<trkpt lat="45.192813" lon="-115.570162"><ele>1068.6</ele></trkpt>
<trkpt lat="45.192724" lon="-115.570246"><ele>1070.2</ele></trkpt>
<trkpt lat="45.192254" lon="-115.570244"><ele>1076.2</ele></trkpt>
<trkpt lat="45.191914" lon="-115.570413"><ele>1081.0</ele></trkpt>
<trkpt lat="45.191421" lon="-115.570260"><ele>1086.6</ele></trkpt>
<trkpt lat="45.190680" lon="-115.570700"><ele>1093.8</ele></trkpt>
<trkpt lat="45.190397" lon="-115.571062"><ele>1097.6</ele></trkpt>
<trkpt lat="45.190128" lon="-115.571204"><ele>1100.6</ele></trkpt>
<trkpt lat="45.190027" lon="-115.571454"><ele>1102.6</ele></trkpt>
<trkpt lat="45.189994" lon="-115.571761"><ele>1104.2</ele></trkpt>
<trkpt lat="45.190066" lon="-115.572252"><ele>1107.2</ele></trkpt>
<trkpt lat="45.190308" lon="-115.573096"><ele>1114.6</ele></trkpt>
<trkpt lat="45.190225" lon="-115.573440"><ele>1116.8</ele></trkpt>
<trkpt lat="45.190267" lon="-115.573841"><ele>1118.8</ele></trkpt>
<trkpt lat="45.190627" lon="-115.574566"><ele>1125.2</ele></trkpt>
<trkpt lat="45.190864" lon="-115.575406"><ele>1131.8</ele></trkpt>
<trkpt lat="45.190976" lon="-115.576224"><ele>1139.0</ele></trkpt>
<trkpt lat="45.190860" lon="-115.577337"><ele>1147.8</ele></trkpt>
<trkpt lat="45.191138" lon="-115.577943"><ele>1153.2</ele></trkpt>
<trkpt lat="45.191070" lon="-115.578787"><ele>1158.8</ele></trkpt>
<trkpt lat="45.191282" lon="-115.579402"><ele>1163.2</ele></trkpt>
<trkpt lat="45.191038" lon="-115.580824"><ele>1170.2</ele></trkpt>
<trkpt lat="45.191158" lon="-115.581460"><ele>1175.6</ele></trkpt>
<trkpt lat="45.191074" lon="-115.582694"><ele>1184.6</ele></trkpt>
<trkpt lat="45.191004" lon="-115.582871"><ele>1185.6</ele></trkpt>
<trkpt lat="45.190790" lon="-115.583005"><ele>1187.4</ele></trkpt>
<trkpt lat="45.190722" lon="-115.583228"><ele>1188.8</ele></trkpt>
<trkpt lat="45.190820" lon="-115.583336"><ele>1190.4</ele></trkpt>
<trkpt lat="45.191049" lon="-115.583143"><ele>1193.6</ele></trkpt>
<trkpt lat="45.191240" lon="-115.582302"><ele>1197.6</ele></trkpt>
<trkpt lat="45.191431" lon="-115.581950"><ele>1197.8</ele></trkpt>
<trkpt lat="45.191411" lon="-115.581444"><ele>1198.2</ele></trkpt>
<trkpt lat="45.191477" lon="-115.581005"><ele>1199.8</ele></trkpt>
<trkpt lat="45.191970" lon="-115.580009"><ele>1207.6</ele></trkpt>
<trkpt lat="45.192128" lon="-115.579013"><ele>1216.2</ele></trkpt>
<trkpt lat="45.192132" lon="-115.578541"><ele>1220.2</ele></trkpt>
<trkpt lat="45.192266" lon="-115.578092"><ele>1224.4</ele></trkpt>
<trkpt lat="45.192126" lon="-115.577234"><ele>1230.2</ele></trkpt>
<trkpt lat="45.192111" lon="-115.576088"><ele>1239.2</ele></trkpt>
<trkpt lat="45.192410" lon="-115.575429"><ele>1244.8</ele></trkpt>
<trkpt lat="45.192587" lon="-115.575430"><ele>1246.6</ele></trkpt>
<trkpt lat="45.192585" lon="-115.575624"><ele>1247.8</ele></trkpt>
<trkpt lat="45.192349" lon="-115.576153"><ele>1251.0</ele></trkpt>
<trkpt lat="45.192337" lon="-115.576462"><ele>1252.6</ele></trkpt>
<trkpt lat="45.192854" lon="-115.578032"><ele>1264.2</ele></trkpt>
<trkpt lat="45.192901" lon="-115.578663"><ele>1268.8</ele></trkpt>
<trkpt lat="45.193079" lon="-115.579464"><ele>1273.6</ele></trkpt>
<trkpt lat="45.193136" lon="-115.580053"><ele>1278.0</ele></trkpt>
<trkpt lat="45.193108" lon="-115.580603"><ele>1282.2</ele></trkpt>
<trkpt lat="45.192905" lon="-115.581156"><ele>1287.4</ele></trkpt>
<trkpt lat="45.192833" lon="-115.581671"><ele>1291.6</ele></trkpt>
<trkpt lat="45.192856" lon="-115.582268"><ele>1294.4</ele></trkpt>
<trkpt lat="45.192992" lon="-115.582992"><ele>1299.2</ele></trkpt>
<trkpt lat="45.192909" lon="-115.584032"><ele>1306.0</ele></trkpt>
<trkpt lat="45.192812" lon="-115.584451"><ele>1309.0</ele></trkpt>
<trkpt lat="45.192899" lon="-115.584997"><ele>1312.4</ele></trkpt>
<trkpt lat="45.192790" lon="-115.585471"><ele>1315.6</ele></trkpt>
<trkpt lat="45.192580" lon="-115.585845"><ele>1317.6</ele></trkpt>
<trkpt lat="45.192566" lon="-115.586075"><ele>1318.8</ele></trkpt>
<trkpt lat="45.192632" lon="-115.586230"><ele>1320.0</ele></trkpt>
<trkpt lat="45.192760" lon="-115.586326"><ele>1321.0</ele></trkpt>
<trkpt lat="45.192965" lon="-115.586268"><ele>1323.2</ele></trkpt>
<trkpt lat="45.193096" lon="-115.586325"><ele>1324.6</ele></trkpt>
<trkpt lat="45.193485" lon="-115.586891"><ele>1331.4</ele></trkpt>
<trkpt lat="45.193916" lon="-115.587708"><ele>1338.0</ele></trkpt>
<trkpt lat="45.194245" lon="-115.588097"><ele>1342.8</ele></trkpt>
<trkpt lat="45.194749" lon="-115.588524"><ele>1350.4</ele></trkpt>
<trkpt lat="45.194854" lon="-115.588705"><ele>1352.6</ele></trkpt>
<trkpt lat="45.195636" lon="-115.589363"><ele>1363.8</ele></trkpt>
<trkpt lat="45.195771" lon="-115.589784"><ele>1365.4</ele></trkpt>
<trkpt lat="45.196137" lon="-115.590295"><ele>1369.4</ele></trkpt>
<trkpt lat="45.196171" lon="-115.590689"><ele>1374.0</ele></trkpt>
<trkpt lat="45.196516" lon="-115.591123"><ele>1378.4</ele></trkpt>
<trkpt lat="45.196683" lon="-115.591642"><ele>1384.0</ele></trkpt>
<trkpt lat="45.196587" lon="-115.592210"><ele>1387.8</ele></trkpt>
<trkpt lat="45.196277" lon="-115.592536"><ele>1390.8</ele></trkpt>
<trkpt lat="45.195955" lon="-115.592736"><ele>1394.6</ele></trkpt>
<trkpt lat="45.195809" lon="-115.592973"><ele>1396.6</ele></trkpt>
<trkpt lat="45.195829" lon="-115.594023"><ele>1405.2</ele></trkpt>
<trkpt lat="45.195916" lon="-115.594436"><ele>1409.6</ele></trkpt>
<trkpt lat="45.195653" lon="-115.594824"><ele>1413.8</ele></trkpt>
<trkpt lat="45.195591" lon="-115.595250"><ele>1418.0</ele></trkpt>
<trkpt lat="45.195131" lon="-115.595764"><ele>1424.2</ele></trkpt>
<trkpt lat="45.194761" lon="-115.595908"><ele>1428.4</ele></trkpt>
<trkpt lat="45.194357" lon="-115.596433"><ele>1433.0</ele></trkpt>
<trkpt lat="45.193983" lon="-115.596596"><ele>1437.4</ele></trkpt>
<trkpt lat="45.193863" lon="-115.596740"><ele>1436.6</ele></trkpt>
<trkpt lat="45.194024" lon="-115.597250"><ele>1434.0</ele></trkpt>
<trkpt lat="45.194447" lon="-115.598186"><ele>1430.6</ele></trkpt>
<trkpt lat="45.194710" lon="-115.598548"><ele>1430.0</ele></trkpt>
<trkpt lat="45.194713" lon="-115.598696"><ele>1429.8</ele></trkpt>
<trkpt lat="45.194389" lon="-115.599263"><ele>1430.4</ele></trkpt>
<trkpt lat="45.194512" lon="-115.599744"><ele>1430.6</ele></trkpt>
<trkpt lat="45.195047" lon="-115.600636"><ele>1434.0</ele></trkpt>
<trkpt lat="45.194971" lon="-115.600877"><ele>1436.2</ele></trkpt>
<trkpt lat="45.195046" lon="-115.601379"><ele>1440.4</ele></trkpt>
<trkpt lat="45.194877" lon="-115.602345"><ele>1447.6</ele></trkpt>
<trkpt lat="45.194924" lon="-115.602622"><ele>1449.8</ele></trkpt>
<trkpt lat="45.195172" lon="-115.603188"><ele>1454.4</ele></trkpt>
<trkpt lat="45.195348" lon="-115.603257"><ele>1456.4</ele></trkpt>
<trkpt lat="45.195534" lon="-115.603186"><ele>1458.0</ele></trkpt>
<trkpt lat="45.196051" lon="-115.602455"><ele>1465.6</ele></trkpt>
<trkpt lat="45.196639" lon="-115.602139"><ele>1473.8</ele></trkpt>
<trkpt lat="45.196824" lon="-115.601894"><ele>1477.6</ele></trkpt>
<trkpt lat="45.196863" lon="-115.601587"><ele>1479.6</ele></trkpt>
<trkpt lat="45.196960" lon="-115.601393"><ele>1481.8</ele></trkpt>
<trkpt lat="45.197526" lon="-115.600952"><ele>1490.2</ele></trkpt>
<trkpt lat="45.198171" lon="-115.601141"><ele>1499.0</ele></trkpt>
<trkpt lat="45.198916" lon="-115.600772"><ele>1508.0</ele></trkpt>
<trkpt lat="45.199039" lon="-115.600844"><ele>1509.6</ele></trkpt>
<trkpt lat="45.199183" lon="-115.601477"><ele>1515.8</ele></trkpt>
<trkpt lat="45.199218" lon="-115.601433"><ele>1515.0</ele></trkpt>
<trkpt lat="45.199276" lon="-115.601706"><ele>1516.0</ele></trkpt>
<trkpt lat="45.199380" lon="-115.601811"><ele>1517.8</ele></trkpt>
<trkpt lat="45.199668" lon="-115.601815"><ele>1521.2</ele></trkpt>
<trkpt lat="45.200039" lon="-115.601641"><ele>1526.4</ele></trkpt>
<trkpt lat="45.200127" lon="-115.601708"><ele>1527.4</ele></trkpt>
<trkpt lat="45.200214" lon="-115.602005"><ele>1530.8</ele></trkpt>
<trkpt lat="45.200323" lon="-115.602060"><ele>1531.8</ele></trkpt>
<trkpt lat="45.200612" lon="-115.601998"><ele>1534.6</ele></trkpt>
<trkpt lat="45.201305" lon="-115.601615"><ele>1541.4</ele></trkpt>
<trkpt lat="45.201443" lon="-115.601826"><ele>1541.6</ele></trkpt>
<trkpt lat="45.201542" lon="-115.602365"><ele>1546.4</ele></trkpt>
<trkpt lat="45.201636" lon="-115.602494"><ele>1547.4</ele></trkpt>
<trkpt lat="45.202480" lon="-115.602391"><ele>1558.6</ele></trkpt>
<trkpt lat="45.202756" lon="-115.602524"><ele>1561.2</ele></trkpt>
<trkpt lat="45.202844" lon="-115.602661"><ele>1562.0</ele></trkpt>
<trkpt lat="45.202846" lon="-115.603001"><ele>1564.0</ele></trkpt>
<trkpt lat="45.202525" lon="-115.603382"><ele>1567.2</ele></trkpt>
<trkpt lat="45.202389" lon="-115.603710"><ele>1569.8</ele></trkpt>
<trkpt lat="45.202386" lon="-115.603900"><ele>1571.6</ele></trkpt>
<trkpt lat="45.202456" lon="-115.604005"><ele>1572.8</ele></trkpt>
<trkpt lat="45.202835" lon="-115.604056"><ele>1577.0</ele></trkpt>
<trkpt lat="45.202939" lon="-115.604182"><ele>1578.8</ele></trkpt>
<trkpt lat="45.203001" lon="-115.605318"><ele>1587.6</ele></trkpt>
<trkpt lat="45.203143" lon="-115.605691"><ele>1590.8</ele></trkpt>
<trkpt lat="45.203386" lon="-115.605765"><ele>1594.0</ele></trkpt>
<trkpt lat="45.203771" lon="-115.605384"><ele>1599.4</ele></trkpt>
<trkpt lat="45.203886" lon="-115.605453"><ele>1600.0</ele></trkpt>
<trkpt lat="45.204005" lon="-115.605774"><ele>1602.8</ele></trkpt>
<trkpt lat="45.204024" lon="-115.606592"><ele>1609.6</ele></trkpt>
<trkpt lat="45.203923" lon="-115.607175"><ele>1614.4</ele></trkpt>
<trkpt lat="45.204075" lon="-115.607391"><ele>1616.4</ele></trkpt>
<trkpt lat="45.204353" lon="-115.607592"><ele>1620.2</ele></trkpt>
<trkpt lat="45.204400" lon="-115.607744"><ele>1621.2</ele></trkpt>
<trkpt lat="45.204338" lon="-115.608182"><ele>1622.8</ele></trkpt>
<trkpt lat="45.204451" lon="-115.608924"><ele>1629.4</ele></trkpt>
<trkpt lat="45.204202" lon="-115.609529"><ele>1634.2</ele></trkpt>
<trkpt lat="45.203840" lon="-115.609684"><ele>1639.4</ele></trkpt>
<trkpt lat="45.203576" lon="-115.609910"><ele>1642.8</ele></trkpt>
<trkpt lat="45.203564" lon="-115.610556"><ele>1647.2</ele></trkpt>
<trkpt lat="45.203898" lon="-115.611113"><ele>1652.6</ele></trkpt>
<trkpt lat="45.204644" lon="-115.611768"><ele>1663.6</ele></trkpt>
<trkpt lat="45.204887" lon="-115.611783"><ele>1666.0</ele></trkpt>
<trkpt lat="45.205131" lon="-115.611685"><ele>1668.8</ele></trkpt>
<trkpt lat="45.205362" lon="-115.611183"><ele>1674.4</ele></trkpt>
<trkpt lat="45.205705" lon="-115.610792"><ele>1679.8</ele></trkpt>
<trkpt lat="45.205920" lon="-115.610660"><ele>1682.8</ele></trkpt>
<trkpt lat="45.206190" lon="-115.610581"><ele>1687.6</ele></trkpt>
<trkpt lat="45.206742" lon="-115.610728"><ele>1695.0</ele></trkpt>
<trkpt lat="45.207497" lon="-115.610580"><ele>1704.6</ele></trkpt>
<trkpt lat="45.207742" lon="-115.610185"><ele>1708.8</ele></trkpt>
<trkpt lat="45.208072" lon="-115.609863"><ele>1714.2</ele></trkpt>
<trkpt lat="45.208658" lon="-115.609911"><ele>1720.6</ele></trkpt>
<trkpt lat="45.208942" lon="-115.609292"><ele>1726.0</ele></trkpt>
<trkpt lat="45.209296" lon="-115.609050"><ele>1732.2</ele></trkpt>
<trkpt lat="45.209892" lon="-115.609185"><ele>1738.4</ele></trkpt>
<trkpt lat="45.210213" lon="-115.609108"><ele>1742.4</ele></trkpt>
<trkpt lat="45.210624" lon="-115.608810"><ele>1748.4</ele></trkpt>
<trkpt lat="45.211146" lon="-115.608803"><ele>1755.4</ele></trkpt>
<trkpt lat="45.211423" lon="-115.608707"><ele>1759.8</ele></trkpt>
<trkpt lat="45.211975" lon="-115.608908"><ele>1767.4</ele></trkpt>
<trkpt lat="45.212443" lon="-115.608775"><ele>1772.4</ele></trkpt>
<trkpt lat="45.212837" lon="-115.608919"><ele>1777.2</ele></trkpt>
<trkpt lat="45.213190" lon="-115.608939"><ele>1781.0</ele></trkpt>
<trkpt lat="45.213934" lon="-115.608590"><ele>1788.6</ele></trkpt>
<trkpt lat="45.214269" lon="-115.608896"><ele>1792.6</ele></trkpt>
<trkpt lat="45.214961" lon="-115.608561"><ele>1800.0</ele></trkpt>
<trkpt lat="45.215487" lon="-115.608813"><ele>1806.8</ele></trkpt>
<trkpt lat="45.215659" lon="-115.608820"><ele>1808.0</ele></trkpt>
<trkpt lat="45.216126" lon="-115.608737"><ele>1814.0</ele></trkpt>
<trkpt lat="45.216582" lon="-115.608462"><ele>1820.0</ele></trkpt>
<trkpt lat="45.217463" lon="-115.608208"><ele>1832.4</ele></trkpt>
<trkpt lat="45.217864" lon="-115.608276"><ele>1837.8</ele></trkpt>
<trkpt lat="45.218007" lon="-115.608400"><ele>1838.8</ele></trkpt>
<trkpt lat="45.218282" lon="-115.609697"><ele>1848.6</ele></trkpt>
<trkpt lat="45.218438" lon="-115.610007"><ele>1851.0</ele></trkpt>
<trkpt lat="45.218819" lon="-115.610312"><ele>1856.0</ele></trkpt>
<trkpt lat="45.219996" lon="-115.610365"><ele>1869.8</ele></trkpt>
<trkpt lat="45.220198" lon="-115.610461"><ele>1873.2</ele></trkpt>
<trkpt lat="45.220934" lon="-115.610557"><ele>1882.8</ele></trkpt>
<trkpt lat="45.221433" lon="-115.610440"><ele>1885.8</ele></trkpt>
<trkpt lat="45.221781" lon="-115.611003"><ele>1890.0</ele></trkpt>
<trkpt lat="45.222263" lon="-115.611148"><ele>1895.0</ele></trkpt>
<trkpt lat="45.222621" lon="-115.611436"><ele>1900.2</ele></trkpt>
<trkpt lat="45.222675" lon="-115.611600"><ele>1901.0</ele></trkpt>
<trkpt lat="45.222491" lon="-115.612288"><ele>1905.2</ele></trkpt>
<trkpt lat="45.222517" lon="-115.612518"><ele>1906.6</ele></trkpt>
<trkpt lat="45.222722" lon="-115.612618"><ele>1909.0</ele></trkpt>
<trkpt lat="45.223144" lon="-115.612660"><ele>1914.2</ele></trkpt>
<trkpt lat="45.223346" lon="-115.612803"><ele>1916.0</ele></trkpt>
<trkpt lat="45.223339" lon="-115.613501"><ele>1921.4</ele></trkpt>
<trkpt lat="45.222977" lon="-115.614676"><ele>1928.8</ele></trkpt>
<trkpt lat="45.223025" lon="-115.614856"><ele>1929.8</ele></trkpt>
<trkpt lat="45.223172" lon="-115.614966"><ele>1932.0</ele></trkpt>
<trkpt lat="45.223607" lon="-115.615222"><ele>1937.6</ele></trkpt>
<trkpt lat="45.223858" lon="-115.615227"><ele>1939.6</ele></trkpt>
<trkpt lat="45.224712" lon="-115.614353"><ele>1953.8</ele></trkpt>
<trkpt lat="45.225152" lon="-115.614208"><ele>1959.0</ele></trkpt>
<trkpt lat="45.225428" lon="-115.613982"><ele>1962.4</ele></trkpt>
<trkpt lat="45.225507" lon="-115.614007"><ele>1962.6</ele></trkpt>
<trkpt lat="45.225512" lon="-115.614317"><ele>1964.2</ele></trkpt>
<trkpt lat="45.225339" lon="-115.614943"><ele>1967.8</ele></trkpt>
<trkpt lat="45.225400" lon="-115.615138"><ele>1968.8</ele></trkpt>
<trkpt lat="45.225942" lon="-115.615379"><ele>1972.0</ele></trkpt>
<trkpt lat="45.225747" lon="-115.615983"><ele>1974.2</ele></trkpt>
<trkpt lat="45.225861" lon="-115.616813"><ele>1980.0</ele></trkpt>
<trkpt lat="45.226039" lon="-115.616986"><ele>1982.8</ele></trkpt>
<trkpt lat="45.226598" lon="-115.617078"><ele>1989.0</ele></trkpt>
<trkpt lat="45.227318" lon="-115.617412"><ele>1997.8</ele></trkpt>
<trkpt lat="45.227479" lon="-115.617569"><ele>1999.4</ele></trkpt>
<trkpt lat="45.227503" lon="-115.617756"><ele>1999.6</ele></trkpt>
<trkpt lat="45.227007" lon="-115.618545"><ele>2006.6</ele></trkpt>
<trkpt lat="45.226994" lon="-115.619232"><ele>2012.6</ele></trkpt>
<trkpt lat="45.227330" lon="-115.619594"><ele>2017.4</ele></trkpt>
<trkpt lat="45.227778" lon="-115.620486"><ele>2026.2</ele></trkpt>
<trkpt lat="45.228425" lon="-115.621212"><ele>2036.6</ele></trkpt>
<trkpt lat="45.228834" lon="-115.622073"><ele>2045.0</ele></trkpt>
<trkpt lat="45.229064" lon="-115.622376"><ele>2048.4</ele></trkpt>
<trkpt lat="45.229060" lon="-115.622618"><ele>2049.6</ele></trkpt>
<trkpt lat="45.228832" lon="-115.623051"><ele>2054.0</ele></trkpt>
<trkpt lat="45.228445" lon="-115.623302"><ele>2059.2</ele></trkpt>
<trkpt lat="45.228025" lon="-115.623512"><ele>2063.4</ele></trkpt>
<trkpt lat="45.228017" lon="-115.623462"><ele>2062.2</ele></trkpt>
<trkpt lat="45.227998" lon="-115.623649"><ele>2062.2</ele></trkpt>
<trkpt lat="45.228174" lon="-115.624202"><ele>2066.6</ele></trkpt>
<trkpt lat="45.228316" lon="-115.625301"><ele>2077.2</ele></trkpt>
<trkpt lat="45.228461" lon="-115.625591"><ele>2080.2</ele></trkpt>
<trkpt lat="45.228587" lon="-115.625724"><ele>2082.0</ele></trkpt>
<trkpt lat="45.229599" lon="-115.626087"><ele>2094.6</ele></trkpt>
<trkpt lat="45.229705" lon="-115.626258"><ele>2096.4</ele></trkpt>
<trkpt lat="45.229813" lon="-115.626979"><ele>2101.2</ele></trkpt>
<trkpt lat="45.229985" lon="-115.627432"><ele>2105.4</ele></trkpt>
<trkpt lat="45.229681" lon="-115.628499"><ele>2114.2</ele></trkpt>
<trkpt lat="45.229656" lon="-115.628839"><ele>2116.8</ele></trkpt>
<trkpt lat="45.230010" lon="-115.630449"><ele>2129.2</ele></trkpt>
<trkpt lat="45.230061" lon="-115.630448"><ele>2129.2</ele></trkpt>
<trkpt lat="45.230066" lon="-115.630346"><ele>2129.6</ele></trkpt>
<trkpt lat="45.230053" lon="-115.630426"><ele>2129.4</ele></trkpt>
<trkpt lat="45.229991" lon="-115.630394"><ele>2127.8</ele></trkpt>
<trkpt lat="45.230041" lon="-115.630518"><ele>2127.4</ele></trkpt>
<trkpt lat="45.230579" lon="-115.631130"><ele>2120.8</ele></trkpt>
<trkpt lat="45.231612" lon="-115.631908"><ele>2108.4</ele></trkpt>
<trkpt lat="45.233191" lon="-115.633544"><ele>2090.2</ele></trkpt>
<trkpt lat="45.233400" lon="-115.633683"><ele>2088.6</ele></trkpt>
<trkpt lat="45.233762" lon="-115.633690"><ele>2084.2</ele></trkpt>
<trkpt lat="45.233889" lon="-115.633770"><ele>2082.8</ele></trkpt>
<trkpt lat="45.234003" lon="-115.633956"><ele>2082.2</ele></trkpt>
<trkpt lat="45.234071" lon="-115.634491"><ele>2080.8</ele></trkpt>
<trkpt lat="45.234244" lon="-115.634936"><ele>2078.0</ele></trkpt>
<trkpt lat="45.234632" lon="-115.635568"><ele>2073.0</ele></trkpt>
<trkpt lat="45.234950" lon="-115.635846"><ele>2068.6</ele></trkpt>
<trkpt lat="45.235344" lon="-115.636063"><ele>2063.2</ele></trkpt>
<trkpt lat="45.236085" lon="-115.636164"><ele>2054.8</ele></trkpt>
<trkpt lat="45.236551" lon="-115.636117"><ele>2049.2</ele></trkpt>
<trkpt lat="45.237995" lon="-115.637451"><ele>2031.8</ele></trkpt>
<trkpt lat="45.239248" lon="-115.638770"><ele>2015.4</ele></trkpt>
<trkpt lat="45.239580" lon="-115.639024"><ele>2011.0</ele></trkpt>
<trkpt lat="45.240247" lon="-115.639273"><ele>2005.6</ele></trkpt>
<trkpt lat="45.241059" lon="-115.639167"><ele>1998.0</ele></trkpt>
<trkpt lat="45.241946" lon="-115.639804"><ele>1987.2</ele></trkpt>
<trkpt lat="45.242318" lon="-115.640284"><ele>1981.6</ele></trkpt>
<trkpt lat="45.242689" lon="-115.641005"><ele>1975.2</ele></trkpt>
<trkpt lat="45.242842" lon="-115.640990"><ele>1973.4</ele></trkpt>
<trkpt lat="45.243244" lon="-115.640476"><ele>1967.0</ele></trkpt>
<trkpt lat="45.243588" lon="-115.638875"><ele>1960.8</ele></trkpt>
<trkpt lat="45.243774" lon="-115.638592"><ele>1959.2</ele></trkpt>
<trkpt lat="45.243936" lon="-115.638631"><ele>1958.0</ele></trkpt>
<trkpt lat="45.244004" lon="-115.638815"><ele>1957.8</ele></trkpt>
<trkpt lat="45.243758" lon="-115.640051"><ele>1950.4</ele></trkpt>
<trkpt lat="45.243726" lon="-115.641245"><ele>1943.4</ele></trkpt>
<trkpt lat="45.243576" lon="-115.642118"><ele>1938.8</ele></trkpt>
<trkpt lat="45.243632" lon="-115.643154"><ele>1937.0</ele></trkpt>
<trkpt lat="45.244015" lon="-115.644256"><ele>1928.6</ele></trkpt>
<trkpt lat="45.244325" lon="-115.645379"><ele>1920.0</ele></trkpt>
<trkpt lat="45.244517" lon="-115.645603"><ele>1918.8</ele></trkpt>
<trkpt lat="45.245344" lon="-115.646234"><ele>1914.8</ele></trkpt>
<trkpt lat="45.245703" lon="-115.646608"><ele>1912.0</ele></trkpt>
<trkpt lat="45.245785" lon="-115.646777"><ele>1911.6</ele></trkpt>
<trkpt lat="45.246003" lon="-115.648200"><ele>1907.8</ele></trkpt>
<trkpt lat="45.246300" lon="-115.649213"><ele>1898.4</ele></trkpt>
<trkpt lat="45.246241" lon="-115.649887"><ele>1894.0</ele></trkpt>
<trkpt lat="45.246084" lon="-115.650489"><ele>1891.6</ele></trkpt>
<trkpt lat="45.246080" lon="-115.650821"><ele>1889.6</ele></trkpt>
<trkpt lat="45.246172" lon="-115.651287"><ele>1885.8</ele></trkpt>
<trkpt lat="45.246388" lon="-115.651748"><ele>1884.0</ele></trkpt>
<trkpt lat="45.246713" lon="-115.652200"><ele>1881.0</ele></trkpt>
<trkpt lat="45.247108" lon="-115.652491"><ele>1877.2</ele></trkpt>
<trkpt lat="45.247437" lon="-115.653036"><ele>1876.6</ele></trkpt>
<trkpt lat="45.247879" lon="-115.653503"><ele>1875.0</ele></trkpt>
<trkpt lat="45.248080" lon="-115.653812"><ele>1872.2</ele></trkpt>
<trkpt lat="45.248265" lon="-115.654336"><ele>1867.6</ele></trkpt>
<trkpt lat="45.248400" lon="-115.654482"><ele>1866.0</ele></trkpt>
<trkpt lat="45.248789" lon="-115.654799"><ele>1862.2</ele></trkpt>
<trkpt lat="45.249207" lon="-115.654841"><ele>1860.0</ele></trkpt>
<trkpt lat="45.249416" lon="-115.654994"><ele>1857.4</ele></trkpt>
<trkpt lat="45.250632" lon="-115.656165"><ele>1850.4</ele></trkpt>
<trkpt lat="45.251388" lon="-115.657245"><ele>1847.0</ele></trkpt>
<trkpt lat="45.252507" lon="-115.658091"><ele>1842.2</ele></trkpt>
<trkpt lat="45.253683" lon="-115.658832"><ele>1837.8</ele></trkpt>
<trkpt lat="45.255112" lon="-115.660342"><ele>1833.8</ele></trkpt>
<trkpt lat="45.255312" lon="-115.660816"><ele>1832.6</ele></trkpt>
<trkpt lat="45.255558" lon="-115.662080"><ele>1831.0</ele></trkpt>
<trkpt lat="45.256450" lon="-115.663402"><ele>1829.0</ele></trkpt>
<trkpt lat="45.257402" lon="-115.665217"><ele>1823.2</ele></trkpt>
<trkpt lat="45.257946" lon="-115.666450"><ele>1821.2</ele></trkpt>
<trkpt lat="45.258587" lon="-115.667370"><ele>1819.2</ele></trkpt>
<trkpt lat="45.259575" lon="-115.668589"><ele>1818.0</ele></trkpt>
<trkpt lat="45.260224" lon="-115.669070"><ele>1816.8</ele></trkpt>
<trkpt lat="45.260453" lon="-115.669431"><ele>1815.6</ele></trkpt>
<trkpt lat="45.261129" lon="-115.670157"><ele>1814.8</ele></trkpt>
<trkpt lat="45.261946" lon="-115.671373"><ele>1815.0</ele></trkpt>
<trkpt lat="45.262551" lon="-115.672986"><ele>1810.8</ele></trkpt>
<trkpt lat="45.263051" lon="-115.673947"><ele>1810.4</ele></trkpt>
<trkpt lat="45.263306" lon="-115.674406"><ele>1809.8</ele></trkpt>
<trkpt lat="45.264054" lon="-115.675450"><ele>1807.0</ele></trkpt>
<trkpt lat="45.265116" lon="-115.677451"><ele>1805.4</ele></trkpt>
<trkpt lat="45.265675" lon="-115.678125"><ele>1804.6</ele></trkpt>
<trkpt lat="45.265669" lon="-115.678377"><ele>1804.8</ele></trkpt>
<trkpt lat="45.266529" lon="-115.680795"><ele>1803.0</ele></trkpt>
<trkpt lat="45.266661" lon="-115.680804"><ele>1803.2</ele></trkpt>
<trkpt lat="45.267682" lon="-115.682569"><ele>1801.0</ele></trkpt>
<trkpt lat="45.269638" lon="-115.685242"><ele>1798.4</ele></trkpt>
<trkpt lat="45.270510" lon="-115.686244"><ele>1797.6</ele></trkpt>
<trkpt lat="45.272386" lon="-115.687952"><ele>1795.0</ele></trkpt>
<trkpt lat="45.273761" lon="-115.689457"><ele>1793.2</ele></trkpt>
<trkpt lat="45.274140" lon="-115.690071"><ele>1792.8</ele></trkpt>
<trkpt lat="45.274531" lon="-115.691226"><ele>1792.0</ele></trkpt>
<trkpt lat="45.274820" lon="-115.693462"><ele>1790.6</ele></trkpt>
<trkpt lat="45.275210" lon="-115.694853"><ele>1790.6</ele></trkpt>
<trkpt lat="45.275341" lon="-115.695559"><ele>1790.6</ele></trkpt>
<trkpt lat="45.275366" lon="-115.696246"><ele>1790.6</ele></trkpt>
<trkpt lat="45.275274" lon="-115.696618"><ele>1790.8</ele></trkpt>
<trkpt lat="45.274002" lon="-115.698988"><ele>1793.6</ele></trkpt>
<trkpt lat="45.273626" lon="-115.699519"><ele>1794.8</ele></trkpt>
<trkpt lat="45.273346" lon="-115.699788"><ele>1796.0</ele></trkpt>
<trkpt lat="45.272477" lon="-115.700075"><ele>1798.8</ele></trkpt>
<trkpt lat="45.272269" lon="-115.700219"><ele>1798.8</ele></trkpt>
<trkpt lat="45.271573" lon="-115.701525"><ele>1798.0</ele></trkpt>
<trkpt lat="45.270768" lon="-115.702566"><ele>1799.6</ele></trkpt>
<trkpt lat="45.270623" lon="-115.702957"><ele>1800.2</ele></trkpt>
<trkpt lat="45.270315" lon="-115.704272"><ele>1802.0</ele></trkpt>
<trkpt lat="45.269784" lon="-115.705679"><ele>1805.4</ele></trkpt>
<trkpt lat="45.269061" lon="-115.707034"><ele>1809.0</ele></trkpt>
<trkpt lat="45.268607" lon="-115.707393"><ele>1809.2</ele></trkpt>
<trkpt lat="45.267931" lon="-115.707472"><ele>1808.0</ele></trkpt>
<trkpt lat="45.267254" lon="-115.707928"><ele>1807.8</ele></trkpt>
<trkpt lat="45.266965" lon="-115.708227"><ele>1808.0</ele></trkpt>
<trkpt lat="45.266665" lon="-115.708895"><ele>1809.8</ele></trkpt>
<trkpt lat="45.266279" lon="-115.710292"><ele>1813.2</ele></trkpt>
<trkpt lat="45.266326" lon="-115.710998"><ele>1814.4</ele></trkpt>
<trkpt lat="45.266639" lon="-115.712306"><ele>1817.0</ele></trkpt>
<trkpt lat="45.266633" lon="-115.712604"><ele>1817.2</ele></trkpt>
<trkpt lat="45.266545" lon="-115.712932"><ele>1817.4</ele></trkpt>
<trkpt lat="45.266377" lon="-115.713239"><ele>1817.0</ele></trkpt>
<trkpt lat="45.266137" lon="-115.713453"><ele>1817.0</ele></trkpt>
<trkpt lat="45.265452" lon="-115.713827"><ele>1816.4</ele></trkpt>
<trkpt lat="45.263948" lon="-115.714503"><ele>1818.4</ele></trkpt>
<trkpt lat="45.263564" lon="-115.714624"><ele>1818.8</ele></trkpt>
<trkpt lat="45.262952" lon="-115.714630"><ele>1819.6</ele></trkpt>
<trkpt lat="45.262656" lon="-115.714734"><ele>1820.8</ele></trkpt>
<trkpt lat="45.262215" lon="-115.715123"><ele>1822.6</ele></trkpt>
<trkpt lat="45.261803" lon="-115.715792"><ele>1825.0</ele></trkpt>
<trkpt lat="45.261570" lon="-115.716337"><ele>1826.6</ele></trkpt>
<trkpt lat="45.261437" lon="-115.716869"><ele>1827.0</ele></trkpt>
<trkpt lat="45.261469" lon="-115.717215"><ele>1827.2</ele></trkpt>
<trkpt lat="45.261864" lon="-115.718155"><ele>1828.6</ele></trkpt>
<trkpt lat="45.261884" lon="-115.718825"><ele>1829.4</ele></trkpt>
<trkpt lat="45.261775" lon="-115.719206"><ele>1830.2</ele></trkpt>
<trkpt lat="45.261414" lon="-115.720171"><ele>1831.8</ele></trkpt>
<trkpt lat="45.261081" lon="-115.720804"><ele>1833.0</ele></trkpt>
<trkpt lat="45.260669" lon="-115.721272"><ele>1834.2</ele></trkpt>
<trkpt lat="45.260468" lon="-115.721400"><ele>1834.6</ele></trkpt>
<trkpt lat="45.260232" lon="-115.721427"><ele>1835.8</ele></trkpt>
<trkpt lat="45.259868" lon="-115.721780"><ele>1836.4</ele></trkpt>
<trkpt lat="45.259353" lon="-115.723380"><ele>1843.8</ele></trkpt>
<trkpt lat="45.258958" lon="-115.724170"><ele>1850.2</ele></trkpt>
<trkpt lat="45.258745" lon="-115.724776"><ele>1854.4</ele></trkpt>
<trkpt lat="45.258510" lon="-115.725733"><ele>1860.6</ele></trkpt>
<trkpt lat="45.258225" lon="-115.727463"><ele>1869.4</ele></trkpt>
<trkpt lat="45.258049" lon="-115.728182"><ele>1873.6</ele></trkpt>
<trkpt lat="45.256989" lon="-115.730021"><ele>1887.6</ele></trkpt>
<trkpt lat="45.256409" lon="-115.731909"><ele>1898.8</ele></trkpt>
<trkpt lat="45.256423" lon="-115.732669"><ele>1901.4</ele></trkpt>
<trkpt lat="45.256355" lon="-115.732856"><ele>1902.4</ele></trkpt>
<trkpt lat="45.255673" lon="-115.733547"><ele>1910.0</ele></trkpt>
<trkpt lat="45.255632" lon="-115.734514"><ele>1916.2</ele></trkpt>
<trkpt lat="45.255322" lon="-115.735665"><ele>1923.8</ele></trkpt>
<trkpt lat="45.255333" lon="-115.736591"><ele>1928.6</ele></trkpt>
<trkpt lat="45.254836" lon="-115.737384"><ele>1934.6</ele></trkpt>
<trkpt lat="45.254468" lon="-115.738231"><ele>1940.6</ele></trkpt>
<trkpt lat="45.253993" lon="-115.740077"><ele>1952.6</ele></trkpt>
<trkpt lat="45.253954" lon="-115.740511"><ele>1954.6</ele></trkpt>
<trkpt lat="45.254217" lon="-115.741212"><ele>1958.0</ele></trkpt>
<trkpt lat="45.254245" lon="-115.741447"><ele>1958.8</ele></trkpt>
<trkpt lat="45.254195" lon="-115.741633"><ele>1959.6</ele></trkpt>
<trkpt lat="45.253468" lon="-115.742153"><ele>1963.0</ele></trkpt>
<trkpt lat="45.253130" lon="-115.742898"><ele>1965.2</ele></trkpt>
<trkpt lat="45.252962" lon="-115.743124"><ele>1965.4</ele></trkpt>
<trkpt lat="45.252789" lon="-115.743209"><ele>1965.4</ele></trkpt>
<trkpt lat="45.252584" lon="-115.743175"><ele>1965.4</ele></trkpt>
<trkpt lat="45.252404" lon="-115.743038"><ele>1965.6</ele></trkpt>
<trkpt lat="45.251482" lon="-115.742078"><ele>1967.0</ele></trkpt>
<trkpt lat="45.251164" lon="-115.742010"><ele>1968.4</ele></trkpt>
<trkpt lat="45.250839" lon="-115.742185"><ele>1970.2</ele></trkpt>
<trkpt lat="45.250347" lon="-115.743081"><ele>1975.6</ele></trkpt>
<trkpt lat="45.249921" lon="-115.744167"><ele>1981.2</ele></trkpt>
<trkpt lat="45.249806" lon="-115.744661"><ele>1982.4</ele></trkpt>
<trkpt lat="45.249823" lon="-115.744890"><ele>1982.8</ele></trkpt>
<trkpt lat="45.249937" lon="-115.745200"><ele>1983.4</ele></trkpt>
<trkpt lat="45.250109" lon="-115.745416"><ele>1984.4</ele></trkpt>
<trkpt lat="45.250313" lon="-115.745537"><ele>1985.4</ele></trkpt>
<trkpt lat="45.250542" lon="-115.745515"><ele>1986.6</ele></trkpt>
<trkpt lat="45.251393" lon="-115.744832"><ele>1993.2</ele></trkpt>
<trkpt lat="45.251567" lon="-115.744830"><ele>1994.2</ele></trkpt>
<trkpt lat="45.251684" lon="-115.744919"><ele>1995.8</ele></trkpt>
<trkpt lat="45.251736" lon="-115.745181"><ele>1997.4</ele></trkpt>
<trkpt lat="45.251648" lon="-115.745490"><ele>1999.6</ele></trkpt>
<trkpt lat="45.250997" lon="-115.746692"><ele>2011.2</ele></trkpt>
<trkpt lat="45.250761" lon="-115.747005"><ele>2013.6</ele></trkpt>
<trkpt lat="45.250007" lon="-115.747798"><ele>2018.8</ele></trkpt>
<trkpt lat="45.249741" lon="-115.747918"><ele>2020.6</ele></trkpt>
<trkpt lat="45.248973" lon="-115.747641"><ele>2027.2</ele></trkpt>
<trkpt lat="45.248518" lon="-115.747655"><ele>2030.6</ele></trkpt>
<trkpt lat="45.247823" lon="-115.747483"><ele>2036.0</ele></trkpt>
<trkpt lat="45.246694" lon="-115.747679"><ele>2044.6</ele></trkpt>
<trkpt lat="45.246000" lon="-115.747956"><ele>2045.0</ele></trkpt>
<trkpt lat="45.245641" lon="-115.748290"><ele>2043.8</ele></trkpt>
<trkpt lat="45.245012" lon="-115.749096"><ele>2039.0</ele></trkpt>
<trkpt lat="45.244837" lon="-115.749180"><ele>2038.0</ele></trkpt>
<trkpt lat="45.244500" lon="-115.749185"><ele>2035.8</ele></trkpt>
<trkpt lat="45.244254" lon="-115.749348"><ele>2033.4</ele></trkpt>
<trkpt lat="45.243986" lon="-115.750079"><ele>2029.8</ele></trkpt>
<trkpt lat="45.243561" lon="-115.750928"><ele>2024.6</ele></trkpt>
<trkpt lat="45.243373" lon="-115.751153"><ele>2022.8</ele></trkpt>
<trkpt lat="45.242941" lon="-115.751371"><ele>2019.4</ele></trkpt>
<trkpt lat="45.242835" lon="-115.751495"><ele>2018.2</ele></trkpt>
<trkpt lat="45.242596" lon="-115.752340"><ele>2015.4</ele></trkpt>
<trkpt lat="45.242079" lon="-115.753144"><ele>2012.6</ele></trkpt>
<trkpt lat="45.241502" lon="-115.753891"><ele>2009.2</ele></trkpt>
<trkpt lat="45.240701" lon="-115.754405"><ele>2005.0</ele></trkpt>
<trkpt lat="45.240541" lon="-115.754605"><ele>2004.2</ele></trkpt>
<trkpt lat="45.240482" lon="-115.754868"><ele>2003.6</ele></trkpt>
<trkpt lat="45.240515" lon="-115.755103"><ele>2003.6</ele></trkpt>
<trkpt lat="45.241048" lon="-115.755900"><ele>2008.4</ele></trkpt>
<trkpt lat="45.241292" lon="-115.756773"><ele>2012.8</ele></trkpt>
<trkpt lat="45.242559" lon="-115.758854"><ele>2025.0</ele></trkpt>
<trkpt lat="45.242562" lon="-115.760076"><ele>2029.2</ele></trkpt>
<trkpt lat="45.243103" lon="-115.761172"><ele>2033.4</ele></trkpt>
<trkpt lat="45.243071" lon="-115.761731"><ele>2034.4</ele></trkpt>
<trkpt lat="45.242864" lon="-115.761988"><ele>2034.0</ele></trkpt>
<trkpt lat="45.242328" lon="-115.762414"><ele>2033.2</ele></trkpt>
<trkpt lat="45.242147" lon="-115.762665"><ele>2032.6</ele></trkpt>
<trkpt lat="45.241196" lon="-115.764941"><ele>2016.4</ele></trkpt>
<trkpt lat="45.241009" lon="-115.765202"><ele>2013.8</ele></trkpt>
<trkpt lat="45.240185" lon="-115.765812"><ele>2006.4</ele></trkpt>
<trkpt lat="45.239560" lon="-115.765712"><ele>2000.8</ele></trkpt>
<trkpt lat="45.239402" lon="-115.765821"><ele>1998.6</ele></trkpt>
<trkpt lat="45.239323" lon="-115.766102"><ele>1997.0</ele></trkpt>
<trkpt lat="45.239281" lon="-115.767152"><ele>1989.6</ele></trkpt>
<trkpt lat="45.239038" lon="-115.767657"><ele>1985.4</ele></trkpt>
<trkpt lat="45.238621" lon="-115.767861"><ele>1981.4</ele></trkpt>
<trkpt lat="45.237910" lon="-115.767498"><ele>1973.4</ele></trkpt>
<trkpt lat="45.237712" lon="-115.767636"><ele>1971.8</ele></trkpt>
<trkpt lat="45.237645" lon="-115.767794"><ele>1970.8</ele></trkpt>
<trkpt lat="45.237207" lon="-115.769850"><ele>1958.0</ele></trkpt>
<trkpt lat="45.237207" lon="-115.770231"><ele>1955.6</ele></trkpt>
<trkpt lat="45.237360" lon="-115.771016"><ele>1950.0</ele></trkpt>
<trkpt lat="45.237267" lon="-115.771611"><ele>1946.2</ele></trkpt>
<trkpt lat="45.236813" lon="-115.772876"><ele>1937.4</ele></trkpt>
<trkpt lat="45.236566" lon="-115.773157"><ele>1935.0</ele></trkpt>
<trkpt lat="45.236092" lon="-115.773454"><ele>1931.0</ele></trkpt>
<trkpt lat="45.235999" lon="-115.773561"><ele>1929.8</ele></trkpt>
<trkpt lat="45.235966" lon="-115.773732"><ele>1928.6</ele></trkpt>
<trkpt lat="45.235987" lon="-115.773976"><ele>1927.6</ele></trkpt>
<trkpt lat="45.236124" lon="-115.774133"><ele>1926.6</ele></trkpt>
<trkpt lat="45.236245" lon="-115.774149"><ele>1926.0</ele></trkpt>
<trkpt lat="45.236605" lon="-115.773930"><ele>1923.6</ele></trkpt>
<trkpt lat="45.236799" lon="-115.774010"><ele>1921.8</ele></trkpt>
<trkpt lat="45.236902" lon="-115.774233"><ele>1920.8</ele></trkpt>
<trkpt lat="45.237011" lon="-115.774917"><ele>1919.0</ele></trkpt>
<trkpt lat="45.236988" lon="-115.775403"><ele>1916.8</ele></trkpt>
<trkpt lat="45.236754" lon="-115.775834"><ele>1913.6</ele></trkpt>
<trkpt lat="45.236079" lon="-115.776744"><ele>1905.6</ele></trkpt>
<trkpt lat="45.235901" lon="-115.777101"><ele>1903.0</ele></trkpt>
<trkpt lat="45.235517" lon="-115.778274"><ele>1895.6</ele></trkpt>
<trkpt lat="45.234940" lon="-115.779713"><ele>1886.6</ele></trkpt>
<trkpt lat="45.234921" lon="-115.779993"><ele>1884.4</ele></trkpt>
<trkpt lat="45.235046" lon="-115.780843"><ele>1879.6</ele></trkpt>
<trkpt lat="45.234702" lon="-115.782112"><ele>1872.2</ele></trkpt>
<trkpt lat="45.234570" lon="-115.782366"><ele>1870.6</ele></trkpt>
<trkpt lat="45.234154" lon="-115.782811"><ele>1866.2</ele></trkpt>
<trkpt lat="45.233673" lon="-115.783732"><ele>1859.4</ele></trkpt>
<trkpt lat="45.233521" lon="-115.784159"><ele>1857.2</ele></trkpt>
<trkpt lat="45.233290" lon="-115.785415"><ele>1851.4</ele></trkpt>
<trkpt lat="45.233034" lon="-115.785928"><ele>1849.0</ele></trkpt>
<trkpt lat="45.232275" lon="-115.786988"><ele>1840.8</ele></trkpt>
<trkpt lat="45.231573" lon="-115.789354"><ele>1830.8</ele></trkpt>
<trkpt lat="45.230991" lon="-115.790089"><ele>1824.2</ele></trkpt>
<trkpt lat="45.230091" lon="-115.791901"><ele>1812.6</ele></trkpt>
<trkpt lat="45.229915" lon="-115.792458"><ele>1810.0</ele></trkpt>
<trkpt lat="45.229847" lon="-115.793451"><ele>1804.2</ele></trkpt>
<trkpt lat="45.229743" lon="-115.793769"><ele>1802.6</ele></trkpt>
<trkpt lat="45.229148" lon="-115.794892"><ele>1795.8</ele></trkpt>
<trkpt lat="45.228325" lon="-115.795644"><ele>1789.4</ele></trkpt>
<trkpt lat="45.227901" lon="-115.796253"><ele>1785.0</ele></trkpt>
<trkpt lat="45.227798" lon="-115.796663"><ele>1782.4</ele></trkpt>
<trkpt lat="45.227780" lon="-115.798769"><ele>1775.2</ele></trkpt>
<trkpt lat="45.226949" lon="-115.800947"><ele>1765.2</ele></trkpt>
<trkpt lat="45.226202" lon="-115.802128"><ele>1758.0</ele></trkpt>
<trkpt lat="45.226009" lon="-115.802994"><ele>1755.4</ele></trkpt>
<trkpt lat="45.225945" lon="-115.803826"><ele>1753.0</ele></trkpt>
<trkpt lat="45.226046" lon="-115.804797"><ele>1750.0</ele></trkpt>
<trkpt lat="45.226314" lon="-115.805561"><ele>1749.8</ele></trkpt>
<trkpt lat="45.226657" lon="-115.806087"><ele>1749.8</ele></trkpt>
<trkpt lat="45.227065" lon="-115.806533"><ele>1749.0</ele></trkpt>
<trkpt lat="45.228843" lon="-115.808307"><ele>1749.0</ele></trkpt>
<trkpt lat="45.229598" lon="-115.808840"><ele>1748.8</ele></trkpt>
<trkpt lat="45.232276" lon="-115.810015"><ele>1749.4</ele></trkpt>
<trkpt lat="45.232631" lon="-115.810345"><ele>1749.4</ele></trkpt>
<trkpt lat="45.233333" lon="-115.811741"><ele>1749.0</ele></trkpt>
<trkpt lat="45.233624" lon="-115.812003"><ele>1749.0</ele></trkpt>
<trkpt lat="45.237569" lon="-115.814334"><ele>1752.0</ele></trkpt>
<trkpt lat="45.238218" lon="-115.814644"><ele>1753.0</ele></trkpt>
<trkpt lat="45.238977" lon="-115.814841"><ele>1753.6</ele></trkpt>
<trkpt lat="45.241245" lon="-115.814994"><ele>1753.4</ele></trkpt>
<trkpt lat="45.241854" lon="-115.815309"><ele>1753.6</ele></trkpt>
<trkpt lat="45.242939" lon="-115.816307"><ele>1755.6</ele></trkpt>
<trkpt lat="45.243514" lon="-115.816496"><ele>1755.8</ele></trkpt>
<trkpt lat="45.246600" lon="-115.816014"><ele>1756.8</ele></trkpt>
<trkpt lat="45.248320" lon="-115.816147"><ele>1757.8</ele></trkpt>
<trkpt lat="45.249386" lon="-115.816333"><ele>1758.6</ele></trkpt>
<trkpt lat="45.250453" lon="-115.816986"><ele>1759.6</ele></trkpt>
<trkpt lat="45.256355" lon="-115.821352"><ele>1767.2</ele></trkpt>
<trkpt lat="45.256586" lon="-115.821600"><ele>1767.6</ele></trkpt>
<trkpt lat="45.256921" lon="-115.822201"><ele>1769.4</ele></trkpt>
<trkpt lat="45.257722" lon="-115.824499"><ele>1779.8</ele></trkpt>
<trkpt lat="45.258033" lon="-115.825106"><ele>1783.0</ele></trkpt>
<trkpt lat="45.258695" lon="-115.825849"><ele>1786.8</ele></trkpt>
<trkpt lat="45.259548" lon="-115.826538"><ele>1783.8</ele></trkpt>
<trkpt lat="45.260214" lon="-115.827336"><ele>1777.8</ele></trkpt>
<trkpt lat="45.265695" lon="-115.835024"><ele>1779.4</ele></trkpt>
<trkpt lat="45.266131" lon="-115.835800"><ele>1780.4</ele></trkpt>
<trkpt lat="45.266614" lon="-115.837180"><ele>1781.8</ele></trkpt>
<trkpt lat="45.266820" lon="-115.838595"><ele>1783.2</ele></trkpt>
<trkpt lat="45.266786" lon="-115.841750"><ele>1786.4</ele></trkpt>
<trkpt lat="45.266663" lon="-115.844959"><ele>1790.0</ele></trkpt>
<trkpt lat="45.266696" lon="-115.845383"><ele>1790.4</ele></trkpt>
<trkpt lat="45.266830" lon="-115.845739"><ele>1791.0</ele></trkpt>
<trkpt lat="45.267023" lon="-115.846011"><ele>1791.2</ele></trkpt>
<trkpt lat="45.267840" lon="-115.846869"><ele>1792.0</ele></trkpt>
<trkpt lat="45.267998" lon="-115.847130"><ele>1792.6</ele></trkpt>
<trkpt lat="45.268113" lon="-115.847505"><ele>1793.0</ele></trkpt>
<trkpt lat="45.268101" lon="-115.848049"><ele>1793.0</ele></trkpt>
<trkpt lat="45.267873" lon="-115.848562"><ele>1792.8</ele></trkpt>
<trkpt lat="45.266659" lon="-115.850232"><ele>1793.6</ele></trkpt>
<trkpt lat="45.266535" lon="-115.850787"><ele>1794.0</ele></trkpt>
<trkpt lat="45.266409" lon="-115.852333"><ele>1797.2</ele></trkpt>
<trkpt lat="45.266239" lon="-115.852992"><ele>1799.2</ele></trkpt>
<trkpt lat="45.265924" lon="-115.853496"><ele>1799.8</ele></trkpt>
<trkpt lat="45.264876" lon="-115.854750"><ele>1802.2</ele></trkpt>
<trkpt lat="45.264549" lon="-115.855336"><ele>1804.0</ele></trkpt>
<trkpt lat="45.264499" lon="-115.855912"><ele>1805.2</ele></trkpt>
<trkpt lat="45.264568" lon="-115.856599"><ele>1806.0</ele></trkpt>
<trkpt lat="45.265271" lon="-115.859100"><ele>1808.4</ele></trkpt>
<trkpt lat="45.265312" lon="-115.859793"><ele>1810.4</ele></trkpt>
<trkpt lat="45.265257" lon="-115.860192"><ele>1811.2</ele></trkpt>
<trkpt lat="45.264951" lon="-115.860958"><ele>1811.2</ele></trkpt>
<trkpt lat="45.261382" lon="-115.868203"><ele>1817.6</ele></trkpt>
<trkpt lat="45.261266" lon="-115.868660"><ele>1817.6</ele></trkpt>
<trkpt lat="45.260858" lon="-115.871533"><ele>1819.0</ele></trkpt>
<trkpt lat="45.260467" lon="-115.873108"><ele>1821.0</ele></trkpt>
<trkpt lat="45.260187" lon="-115.873984"><ele>1821.8</ele></trkpt>
<trkpt lat="45.259983" lon="-115.874944"><ele>1822.4</ele></trkpt>
<trkpt lat="45.258903" lon="-115.877131"><ele>1826.4</ele></trkpt>
<trkpt lat="45.258473" lon="-115.878335"><ele>1827.0</ele></trkpt>
<trkpt lat="45.258410" lon="-115.878892"><ele>1827.4</ele></trkpt>
<trkpt lat="45.258550" lon="-115.879878"><ele>1827.8</ele></trkpt>
<trkpt lat="45.259093" lon="-115.880953"><ele>1828.6</ele></trkpt>
<trkpt lat="45.259696" lon="-115.882419"><ele>1832.0</ele></trkpt>
<trkpt lat="45.259726" lon="-115.883061"><ele>1831.6</ele></trkpt>
<trkpt lat="45.257120" lon="-115.895215"><ele>1845.6</ele></trkpt>
<trkpt lat="45.256696" lon="-115.896438"><ele>1846.0</ele></trkpt>
<trkpt lat="45.256691" lon="-115.896657"><ele>1846.0</ele></trkpt>
<trkpt lat="45.257405" lon="-115.897448"><ele>1848.8</ele></trkpt>
<trkpt lat="45.258210" lon="-115.897669"><ele>1850.8</ele></trkpt>
<trkpt lat="45.258433" lon="-115.897821"><ele>1851.0</ele></trkpt>
<trkpt lat="45.258652" lon="-115.898104"><ele>1851.0</ele></trkpt>
<trkpt lat="45.258854" lon="-115.898730"><ele>1851.6</ele></trkpt>
<trkpt lat="45.258812" lon="-115.899825"><ele>1850.6</ele></trkpt>
<trkpt lat="45.258886" lon="-115.900499"><ele>1850.4</ele></trkpt>
<trkpt lat="45.259040" lon="-115.901032"><ele>1850.0</ele></trkpt>
<trkpt lat="45.259253" lon="-115.901425"><ele>1850.0</ele></trkpt>
<trkpt lat="45.259571" lon="-115.901826"><ele>1850.2</ele></trkpt>
<trkpt lat="45.260001" lon="-115.902134"><ele>1851.2</ele></trkpt>
<trkpt lat="45.261835" lon="-115.902974"><ele>1854.4</ele></trkpt>
<trkpt lat="45.263010" lon="-115.903766"><ele>1854.8</ele></trkpt>
<trkpt lat="45.264869" lon="-115.905262"><ele>1856.2</ele></trkpt>
<trkpt lat="45.266463" lon="-115.906837"><ele>1858.6</ele></trkpt>
<trkpt lat="45.266892" lon="-115.907156"><ele>1858.4</ele></trkpt>
<trkpt lat="45.267732" lon="-115.907514"><ele>1859.2</ele></trkpt>
<trkpt lat="45.268098" lon="-115.907821"><ele>1859.8</ele></trkpt>
<trkpt lat="45.268403" lon="-115.908231"><ele>1860.2</ele></trkpt>
<trkpt lat="45.268594" lon="-115.908617"><ele>1859.6</ele></trkpt>
<trkpt lat="45.269253" lon="-115.910325"><ele>1859.8</ele></trkpt>
<trkpt lat="45.269500" lon="-115.910761"><ele>1859.8</ele></trkpt>
<trkpt lat="45.270099" lon="-115.911418"><ele>1860.6</ele></trkpt>
<trkpt lat="45.272047" lon="-115.913134"><ele>1863.4</ele></trkpt>
<trkpt lat="45.272628" lon="-115.913502"><ele>1863.6</ele></trkpt>
<trkpt lat="45.273007" lon="-115.913614"><ele>1864.2</ele></trkpt>
<trkpt lat="45.274131" lon="-115.913720"><ele>1866.2</ele></trkpt>
<trkpt lat="45.275005" lon="-115.913955"><ele>1867.8</ele></trkpt>
<trkpt lat="45.276220" lon="-115.914548"><ele>1870.8</ele></trkpt>
<trkpt lat="45.276402" lon="-115.914446"><ele>1871.0</ele></trkpt>
<trkpt lat="45.276812" lon="-115.914388"><ele>1872.4</ele></trkpt>
<trkpt lat="45.276938" lon="-115.914214"><ele>1872.6</ele></trkpt>
<trkpt lat="45.277023" lon="-115.913940"><ele>1873.2</ele></trkpt>
<trkpt lat="45.277014" lon="-115.913214"><ele>1872.2</ele></trkpt>
<trkpt lat="45.277057" lon="-115.913153"><ele>1872.2</ele></trkpt>
<trkpt lat="45.276993" lon="-115.913192"><ele>1872.2</ele></trkpt>
<trkpt lat="45.276740" lon="-115.912447"><ele>1874.8</ele></trkpt>
<trkpt lat="45.276891" lon="-115.912103"><ele>1877.8</ele></trkpt>
<trkpt lat="45.277009" lon="-115.912037"><ele>1879.4</ele></trkpt>
<trkpt lat="45.277134" lon="-115.912117"><ele>1882.2</ele></trkpt>
<trkpt lat="45.277044" lon="-115.912104"><ele>1882.0</ele></trkpt>
</trkseg></trk>
</gpx>
